"","airport","date","size","mu"
"1","FAT","2020-01-01",0,5
"2","GEG","2020-01-01",1,5
"3","LAS","2020-01-01",1,7
"4","PDX","2020-01-01",1,6
"5","RNO","2020-01-01",0,8
"6","SEA","2020-01-01",3,6
"7","FAT","2020-01-02",4,6
"8","GEG","2020-01-02",0,4
"9","LAS","2020-01-02",0,7
"10","PDX","2020-01-02",3,6
"11","RNO","2020-01-02",1,3
"12","SEA","2020-01-02",2,0
"13","FAT","2020-01-03",0,7
"14","GEG","2020-01-03",1,7
"15","LAS","2020-01-03",0,8
"16","PDX","2020-01-03",1,8
"17","RNO","2020-01-03",0,8
"18","SEA","2020-01-03",2,5
"19","FAT","2020-01-04",2,5
"20","GEG","2020-01-04",1,9
"21","LAS","2020-01-04",0,5
"22","PDX","2020-01-04",0,8
"23","RNO","2020-01-04",2,6
"24","SEA","2020-01-04",1,6
"25","FAT","2020-01-05",0,5
"26","GEG","2020-01-05",1,5
"27","LAS","2020-01-05",2,7
"28","PDX","2020-01-05",1,6
"29","RNO","2020-01-05",0,6
"30","SEA","2020-01-05",2,5
"31","FAT","2020-01-06",5,7
"32","GEG","2020-01-06",2,7
"33","LAS","2020-01-06",0,4
"34","PDX","2020-01-06",1,3
"35","RNO","2020-01-06",1,5
"36","SEA","2020-01-06",0,3
"37","FAT","2020-01-07",0,4
"38","GEG","2020-01-07",1,0
"39","LAS","2020-01-07",2,8
"40","PDX","2020-01-07",2,7
"41","RNO","2020-01-07",0,9
"42","SEA","2020-01-07",1,3
"43","FAT","2020-01-08",0,6
"44","GEG","2020-01-08",2,6
"45","LAS","2020-01-08",0,4
"46","PDX","2020-01-08",3,6
"47","RNO","2020-01-08",1,0
"48","SEA","2020-01-08",2,4
"49","FAT","2020-01-09",0,4
"50","GEG","2020-01-09",0,7
"51","LAS","2020-01-09",2,5
"52","PDX","2020-01-09",1,4
"53","RNO","2020-01-09",0,7
"54","SEA","2020-01-09",1,4
"55","FAT","2020-01-10",2,5
"56","GEG","2020-01-10",1,8
"57","LAS","2020-01-10",0,7
"58","PDX","2020-01-10",2,6
"59","RNO","2020-01-10",3,9
"60","SEA","2020-01-10",1,6
"61","FAT","2020-01-11",0,5
"62","GEG","2020-01-11",1,8
"63","LAS","2020-01-11",2,1
"64","PDX","2020-01-11",0,6
"65","RNO","2020-01-11",0,4
"66","SEA","2020-01-11",2,4
"67","FAT","2020-01-12",1,8
"68","GEG","2020-01-12",2,6
"69","LAS","2020-01-12",0,8
"70","PDX","2020-01-12",1,5
"71","RNO","2020-01-12",0,7
"72","SEA","2020-01-12",2,6
"73","FAT","2020-01-13",0,5
"74","GEG","2020-01-13",2,6
"75","LAS","2020-01-13",1,5
"76","PDX","2020-01-13",2,5
"77","RNO","2020-01-13",0,3
"78","SEA","2020-01-13",0,6
"79","FAT","2020-01-14",1,6
"80","GEG","2020-01-14",2,3
"81","LAS","2020-01-14",0,1
"82","PDX","2020-01-14",2,4
"83","RNO","2020-01-14",1,6
"84","SEA","2020-01-14",2,6
"85","FAT","2020-01-15",0,3
"86","GEG","2020-01-15",1,5
"87","LAS","2020-01-15",2,7
"88","PDX","2020-01-15",2,7
"89","RNO","2020-01-15",0,1
"90","SEA","2020-01-15",1,3
"91","FAT","2020-01-16",3,7
"92","GEG","2020-01-16",0,5
"93","LAS","2020-01-16",0,3
"94","PDX","2020-01-16",1,5
"95","RNO","2020-01-16",1,7
"96","SEA","2020-01-16",1,3
"97","FAT","2020-01-17",0,3
"98","GEG","2020-01-17",1,9
"99","LAS","2020-01-17",0,3
"100","PDX","2020-01-17",1,0
"101","RNO","2020-01-17",0,10
"102","SEA","2020-01-17",1,3
"103","FAT","2020-01-18",1,4
"104","GEG","2020-01-18",1,3
"105","LAS","2020-01-18",0,0
"106","PDX","2020-01-18",0,5
"107","RNO","2020-01-18",1,3
"108","SEA","2020-01-18",3,4
"109","FAT","2020-01-19",0,6
"110","GEG","2020-01-19",1,6
"111","LAS","2020-01-19",1,3
"112","PDX","2020-01-19",1,0
"113","RNO","2020-01-19",0,4
"114","SEA","2020-01-19",1,3
"115","FAT","2020-01-20",1,6
"116","GEG","2020-01-20",2,4
"117","LAS","2020-01-20",0,5
"118","PDX","2020-01-20",1,5
"119","RNO","2020-01-20",1,5
"120","SEA","2020-01-20",0,8
"121","FAT","2020-01-21",0,3
"122","GEG","2020-01-21",1,6
"123","LAS","2020-01-21",1,3
"124","PDX","2020-01-21",1,9
"125","RNO","2020-01-21",0,3
"126","SEA","2020-01-21",1,10
"127","FAT","2020-01-22",0,7
"128","GEG","2020-01-22",3,1
"129","LAS","2020-01-22",0,7
"130","PDX","2020-01-22",2,9
"131","RNO","2020-01-22",2,8
"132","SEA","2020-01-22",3,1
"133","FAT","2020-01-23",0,5
"134","GEG","2020-01-23",0,6
"135","LAS","2020-01-23",1,8
"136","PDX","2020-01-23",2,8
"137","RNO","2020-01-23",0,10
"138","SEA","2020-01-23",2,3
"139","FAT","2020-01-24",2,7
"140","GEG","2020-01-24",5,7
"141","LAS","2020-01-24",0,5
"142","PDX","2020-01-24",1,5
"143","RNO","2020-01-24",2,6
"144","SEA","2020-01-24",1,4
"145","FAT","2020-01-25",0,5
"146","GEG","2020-01-25",2,9
"147","LAS","2020-01-25",1,6
"148","PDX","2020-01-25",0,6
"149","RNO","2020-01-25",0,5
"150","SEA","2020-01-25",3,7
"151","FAT","2020-01-26",1,7
"152","GEG","2020-01-26",1,10
"153","LAS","2020-01-26",0,9
"154","PDX","2020-01-26",1,4
"155","RNO","2020-01-26",0,6
"156","SEA","2020-01-26",1,10
"157","FAT","2020-01-27",0,5
"158","GEG","2020-01-27",1,5
"159","LAS","2020-01-27",1,3
"160","PDX","2020-01-27",1,5
"161","RNO","2020-01-27",0,4
"162","SEA","2020-01-27",0,8
"163","FAT","2020-01-28",2,7
"164","GEG","2020-01-28",1,8
"165","LAS","2020-01-28",0,1
"166","PDX","2020-01-28",1,10
"167","RNO","2020-01-28",2,7
"168","SEA","2020-01-28",1,7
"169","FAT","2020-01-29",0,7
"170","GEG","2020-01-29",1,7
"171","LAS","2020-01-29",1,3
"172","PDX","2020-01-29",2,7
"173","RNO","2020-01-29",0,6
"174","SEA","2020-01-29",2,6
"175","FAT","2020-01-30",2,5
"176","GEG","2020-01-30",0,8
"177","LAS","2020-01-30",0,6
"178","PDX","2020-01-30",2,6
"179","RNO","2020-01-30",1,5
"180","SEA","2020-01-30",1,4
"181","FAT","2020-01-31",0,3
"182","GEG","2020-01-31",1,3
"183","LAS","2020-01-31",0,4
"184","PDX","2020-01-31",1,1
"185","RNO","2020-01-31",0,5
"186","SEA","2020-01-31",1,3
"187","FAT","2020-02-01",1,5
"188","GEG","2020-02-01",1,3
"189","LAS","2020-02-01",0,7
"190","PDX","2020-02-01",0,6
"191","RNO","2020-02-01",1,8
"192","SEA","2020-02-01",2,6
"193","FAT","2020-02-02",0,3
"194","GEG","2020-02-02",2,4
"195","LAS","2020-02-02",2,0
"196","PDX","2020-02-02",1,4
"197","RNO","2020-02-02",0,3
"198","SEA","2020-02-02",1,8
"199","FAT","2020-02-03",2,10
"200","GEG","2020-02-03",2,10
"201","LAS","2020-02-03",0,3
"202","PDX","2020-02-03",1,10
"203","RNO","2020-02-03",1,8
"204","SEA","2020-02-03",0,7
"205","FAT","2020-02-04",0,8
"206","GEG","2020-02-04",2,8
"207","LAS","2020-02-04",1,8
"208","PDX","2020-02-04",2,7
"209","RNO","2020-02-04",0,7
"210","SEA","2020-02-04",2,5
"211","FAT","2020-02-05",0,10
"212","GEG","2020-02-05",1,9
"213","LAS","2020-02-05",0,0
"214","PDX","2020-02-05",2,4
"215","RNO","2020-02-05",2,9
"216","SEA","2020-02-05",2,3
"217","FAT","2020-02-06",0,7
"218","GEG","2020-02-06",0,0
"219","LAS","2020-02-06",2,0
"220","PDX","2020-02-06",1,5
"221","RNO","2020-02-06",0,5
"222","SEA","2020-02-06",3,4
"223","FAT","2020-02-07",1,9
"224","GEG","2020-02-07",2,4
"225","LAS","2020-02-07",0,9
"226","PDX","2020-02-07",4,5
"227","RNO","2020-02-07",1,8
"228","SEA","2020-02-07",1,7
"229","FAT","2020-02-08",0,3
"230","GEG","2020-02-08",1,4
"231","LAS","2020-02-08",2,7
"232","PDX","2020-02-08",0,7
"233","RNO","2020-02-08",0,5
"234","SEA","2020-02-08",2,6
"235","FAT","2020-02-09",1,4
"236","GEG","2020-02-09",2,6
"237","LAS","2020-02-09",0,6
"238","PDX","2020-02-09",2,9
"239","RNO","2020-02-09",0,7
"240","SEA","2020-02-09",1,6
"241","FAT","2020-02-10",0,8
"242","GEG","2020-02-10",1,6
"243","LAS","2020-02-10",1,10
"244","PDX","2020-02-10",2,6
"245","RNO","2020-02-10",0,3
"246","SEA","2020-02-10",0,9
"247","FAT","2020-02-11",2,4
"248","GEG","2020-02-11",2,7
"249","LAS","2020-02-11",0,3
"250","PDX","2020-02-11",2,6
"251","RNO","2020-02-11",2,4
"252","SEA","2020-02-11",1,7
"253","FAT","2020-02-12",0,4
"254","GEG","2020-02-12",1,7
"255","LAS","2020-02-12",2,5
"256","PDX","2020-02-12",2,7
"257","RNO","2020-02-12",0,8
"258","SEA","2020-02-12",2,9
"259","FAT","2020-02-13",2,9
"260","GEG","2020-02-13",0,4
"261","LAS","2020-02-13",0,0
"262","PDX","2020-02-13",2,9
"263","RNO","2020-02-13",1,3
"264","SEA","2020-02-13",2,5
"265","FAT","2020-02-14",0,3
"266","GEG","2020-02-14",2,8
"267","LAS","2020-02-14",0,8
"268","PDX","2020-02-14",1,8
"269","RNO","2020-02-14",0,3
"270","SEA","2020-02-14",1,3
"271","FAT","2020-02-15",1,7
"272","GEG","2020-02-15",3,0
"273","LAS","2020-02-15",0,7
"274","PDX","2020-02-15",0,4
"275","RNO","2020-02-15",2,3
"276","SEA","2020-02-15",2,6
"277","FAT","2020-02-16",0,5
"278","GEG","2020-02-16",1,3
"279","LAS","2020-02-16",2,10
"280","PDX","2020-02-16",1,3
"281","RNO","2020-02-16",0,5
"282","SEA","2020-02-16",4,9
"283","FAT","2020-02-17",2,3
"284","GEG","2020-02-17",2,4
"285","LAS","2020-02-17",0,5
"286","PDX","2020-02-17",2,8
"287","RNO","2020-02-17",1,8
"288","SEA","2020-02-17",0,9
"289","FAT","2020-02-18",0,6
"290","GEG","2020-02-18",2,9
"291","LAS","2020-02-18",2,10
"292","PDX","2020-02-18",2,3
"293","RNO","2020-02-18",0,4
"294","SEA","2020-02-18",2,5
"295","FAT","2020-02-19",0,10
"296","GEG","2020-02-19",1,1
"297","LAS","2020-02-19",0,6
"298","PDX","2020-02-19",1,4
"299","RNO","2020-02-19",3,9
"300","SEA","2020-02-19",1,3
"301","FAT","2020-02-20",0,6
"302","GEG","2020-02-20",0,3
"303","LAS","2020-02-20",1,9
"304","PDX","2020-02-20",1,5
"305","RNO","2020-02-20",0,5
"306","SEA","2020-02-20",1,5
"307","FAT","2020-02-21",1,6
"308","GEG","2020-02-21",2,6
"309","LAS","2020-02-21",0,7
"310","PDX","2020-02-21",2,5
"311","RNO","2020-02-21",4,6
"312","SEA","2020-02-21",2,7
"313","FAT","2020-02-22",0,0
"314","GEG","2020-02-22",1,7
"315","LAS","2020-02-22",1,4
"316","PDX","2020-02-22",0,3
"317","RNO","2020-02-22",0,5
"318","SEA","2020-02-22",2,7
"319","FAT","2020-02-23",1,10
"320","GEG","2020-02-23",1,6
"321","LAS","2020-02-23",0,5
"322","PDX","2020-02-23",1,5
"323","RNO","2020-02-23",0,7
"324","SEA","2020-02-23",1,5
"325","FAT","2020-02-24",0,6
"326","GEG","2020-02-24",1,8
"327","LAS","2020-02-24",1,4
"328","PDX","2020-02-24",1,0
"329","RNO","2020-02-24",0,3
"330","SEA","2020-02-24",0,3
"331","FAT","2020-02-25",1,3
"332","GEG","2020-02-25",1,4
"333","LAS","2020-02-25",0,3
"334","PDX","2020-02-25",1,4
"335","RNO","2020-02-25",3,8
"336","SEA","2020-02-25",1,6
"337","FAT","2020-02-26",0,6
"338","GEG","2020-02-26",1,5
"339","LAS","2020-02-26",2,3
"340","PDX","2020-02-26",1,9
"341","RNO","2020-02-26",0,1
"342","SEA","2020-02-26",2,9
"343","FAT","2020-02-27",1,10
"344","GEG","2020-02-27",0,7
"345","LAS","2020-02-27",0,6
"346","PDX","2020-02-27",2,6
"347","RNO","2020-02-27",1,5
"348","SEA","2020-02-27",1,7
"349","FAT","2020-02-28",0,4
"350","GEG","2020-02-28",2,3
"351","LAS","2020-02-28",0,0
"352","PDX","2020-02-28",2,5
"353","RNO","2020-02-28",0,7
"354","SEA","2020-02-28",1,0
"355","FAT","2020-02-29",1,6
"356","GEG","2020-02-29",2,6
"357","LAS","2020-02-29",0,7
"358","PDX","2020-02-29",0,5
"359","RNO","2020-02-29",1,5
"360","SEA","2020-02-29",1,5
"361","FAT","2020-03-01",0,0
"362","GEG","2020-03-01",2,5
"363","LAS","2020-03-01",2,6
"364","PDX","2020-03-01",1,6
"365","RNO","2020-03-01",0,7
"366","SEA","2020-03-01",2,3
"367","FAT","2020-03-02",1,4
"368","GEG","2020-03-02",2,5
"369","LAS","2020-03-02",0,10
"370","PDX","2020-03-02",1,5
"371","RNO","2020-03-02",2,4
"372","SEA","2020-03-02",0,8
"373","FAT","2020-03-03",0,8
"374","GEG","2020-03-03",2,7
"375","LAS","2020-03-03",1,9
"376","PDX","2020-03-03",1,5
"377","RNO","2020-03-03",0,6
"378","SEA","2020-03-03",1,6
"379","FAT","2020-03-04",0,3
"380","GEG","2020-03-04",2,3
"381","LAS","2020-03-04",0,0
"382","PDX","2020-03-04",1,4
"383","RNO","2020-03-04",1,5
"384","SEA","2020-03-04",1,3
"385","FAT","2020-03-05",0,3
"386","GEG","2020-03-05",0,5
"387","LAS","2020-03-05",2,4
"388","PDX","2020-03-05",1,8
"389","RNO","2020-03-05",0,6
"390","SEA","2020-03-05",2,7
"391","FAT","2020-03-06",2,5
"392","GEG","2020-03-06",1,5
"393","LAS","2020-03-06",0,6
"394","PDX","2020-03-06",2,7
"395","RNO","2020-03-06",1,7
"396","SEA","2020-03-06",1,6
"397","FAT","2020-03-07",0,6
"398","GEG","2020-03-07",2,0
"399","LAS","2020-03-07",1,3
"400","PDX","2020-03-07",0,3
"401","RNO","2020-03-07",0,3
"402","SEA","2020-03-07",2,9
"403","FAT","2020-03-08",1,6
"404","GEG","2020-03-08",1,10
"405","LAS","2020-03-08",0,9
"406","PDX","2020-03-08",1,5
"407","RNO","2020-03-08",0,5
"408","SEA","2020-03-08",1,4
"409","FAT","2020-03-09",0,5
"410","GEG","2020-03-09",1,8
"411","LAS","2020-03-09",4,6
"412","PDX","2020-03-09",3,7
"413","RNO","2020-03-09",0,3
"414","SEA","2020-03-09",0,7
"415","FAT","2020-03-10",1,5
"416","GEG","2020-03-10",2,5
"417","LAS","2020-03-10",0,4
"418","PDX","2020-03-10",1,4
"419","RNO","2020-03-10",2,3
"420","SEA","2020-03-10",1,6
"421","FAT","2020-03-11",0,6
"422","GEG","2020-03-11",2,6
"423","LAS","2020-03-11",1,3
"424","PDX","2020-03-11",1,6
"425","RNO","2020-03-11",0,7
"426","SEA","2020-03-11",1,10
"427","FAT","2020-03-12",1,7
"428","GEG","2020-03-12",0,3
"429","LAS","2020-03-12",0,9
"430","PDX","2020-03-12",1,8
"431","RNO","2020-03-12",1,5
"432","SEA","2020-03-12",1,8
"433","FAT","2020-03-13",0,4
"434","GEG","2020-03-13",2,3
"435","LAS","2020-03-13",0,6
"436","PDX","2020-03-13",1,6
"437","RNO","2020-03-13",0,3
"438","SEA","2020-03-13",1,8
"439","FAT","2020-03-14",1,7
"440","GEG","2020-03-14",1,10
"441","LAS","2020-03-14",0,3
"442","PDX","2020-03-14",0,9
"443","RNO","2020-03-14",1,4
"444","SEA","2020-03-14",3,3
"445","FAT","2020-03-15",0,7
"446","GEG","2020-03-15",1,3
"447","LAS","2020-03-15",1,3
"448","PDX","2020-03-15",1,8
"449","RNO","2020-03-15",0,3
"450","SEA","2020-03-15",1,8
"451","FAT","2020-03-16",1,10
"452","GEG","2020-03-16",2,0
"453","LAS","2020-03-16",0,6
"454","PDX","2020-03-16",1,8
"455","RNO","2020-03-16",4,4
"456","SEA","2020-03-16",0,0
"457","FAT","2020-03-17",0,5
"458","GEG","2020-03-17",2,6
"459","LAS","2020-03-17",2,5
"460","PDX","2020-03-17",1,4
"461","RNO","2020-03-17",0,4
"462","SEA","2020-03-17",2,8
"463","FAT","2020-03-18",0,3
"464","GEG","2020-03-18",2,5
"465","LAS","2020-03-18",0,7
"466","PDX","2020-03-18",1,6
"467","RNO","2020-03-18",1,5
"468","SEA","2020-03-18",4,4
"469","FAT","2020-03-19",0,6
"470","GEG","2020-03-19",0,6
"471","LAS","2020-03-19",1,7
"472","PDX","2020-03-19",2,3
"473","RNO","2020-03-19",0,8
"474","SEA","2020-03-19",2,3
"475","FAT","2020-03-20",1,8
"476","GEG","2020-03-20",2,0
"477","LAS","2020-03-20",0,4
"478","PDX","2020-03-20",1,8
"479","RNO","2020-03-20",1,4
"480","SEA","2020-03-20",2,3
"481","FAT","2020-03-21",0,10
"482","GEG","2020-03-21",2,5
"483","LAS","2020-03-21",1,9
"484","PDX","2020-03-21",0,3
"485","RNO","2020-03-21",0,5
"486","SEA","2020-03-21",2,3
"487","FAT","2020-03-22",1,3
"488","GEG","2020-03-22",1,8
"489","LAS","2020-03-22",0,5
"490","PDX","2020-03-22",1,3
"491","RNO","2020-03-22",0,1
"492","SEA","2020-03-22",1,8
"493","FAT","2020-03-23",0,9
"494","GEG","2020-03-23",1,5
"495","LAS","2020-03-23",1,3
"496","PDX","2020-03-23",3,9
"497","RNO","2020-03-23",0,4
"498","SEA","2020-03-23",0,9
"499","FAT","2020-03-24",1,0
"500","GEG","2020-03-24",2,8
"501","LAS","2020-03-24",0,6
"502","PDX","2020-03-24",1,10
"503","RNO","2020-03-24",2,7
"504","SEA","2020-03-24",1,5
"505","FAT","2020-03-25",0,4
"506","GEG","2020-03-25",2,7
"507","LAS","2020-03-25",1,9
"508","PDX","2020-03-25",2,9
"509","RNO","2020-03-25",0,4
"510","SEA","2020-03-25",1,6
"511","FAT","2020-03-26",2,4
"512","GEG","2020-03-26",0,6
"513","LAS","2020-03-26",0,6
"514","PDX","2020-03-26",1,5
"515","RNO","2020-03-26",2,7
"516","SEA","2020-03-26",1,10
"517","FAT","2020-03-27",0,6
"518","GEG","2020-03-27",1,0
"519","LAS","2020-03-27",0,5
"520","PDX","2020-03-27",2,5
"521","RNO","2020-03-27",0,4
"522","SEA","2020-03-27",2,9
"523","FAT","2020-03-28",2,4
"524","GEG","2020-03-28",2,5
"525","LAS","2020-03-28",0,10
"526","PDX","2020-03-28",0,6
"527","RNO","2020-03-28",1,6
"528","SEA","2020-03-28",1,7
"529","FAT","2020-03-29",0,5
"530","GEG","2020-03-29",1,3
"531","LAS","2020-03-29",1,7
"532","PDX","2020-03-29",1,10
"533","RNO","2020-03-29",0,7
"534","SEA","2020-03-29",1,8
"535","FAT","2020-03-30",2,6
"536","GEG","2020-03-30",1,5
"537","LAS","2020-03-30",0,5
"538","PDX","2020-03-30",1,6
"539","RNO","2020-03-30",1,8
"540","SEA","2020-03-30",0,3
"541","FAT","2020-03-31",0,4
"542","GEG","2020-03-31",1,8
"543","LAS","2020-03-31",2,8
"544","PDX","2020-03-31",2,8
"545","RNO","2020-03-31",0,7
"546","SEA","2020-03-31",2,10
"547","FAT","2020-04-01",0,5
"548","GEG","2020-04-01",1,3
"549","LAS","2020-04-01",0,3
"550","PDX","2020-04-01",2,6
"551","RNO","2020-04-01",1,4
"552","SEA","2020-04-01",1,7
"553","FAT","2020-04-02",0,4
"554","GEG","2020-04-02",0,5
"555","LAS","2020-04-02",1,3
"556","PDX","2020-04-02",2,6
"557","RNO","2020-04-02",0,0
"558","SEA","2020-04-02",2,4
"559","FAT","2020-04-03",1,4
"560","GEG","2020-04-03",1,10
"561","LAS","2020-04-03",0,4
"562","PDX","2020-04-03",1,3
"563","RNO","2020-04-03",2,6
"564","SEA","2020-04-03",2,8
"565","FAT","2020-04-04",0,6
"566","GEG","2020-04-04",1,3
"567","LAS","2020-04-04",1,6
"568","PDX","2020-04-04",0,6
"569","RNO","2020-04-04",0,6
"570","SEA","2020-04-04",1,7
"571","FAT","2020-04-05",2,4
"572","GEG","2020-04-05",1,6
"573","LAS","2020-04-05",0,4
"574","PDX","2020-04-05",2,0
"575","RNO","2020-04-05",0,7
"576","SEA","2020-04-05",1,6
"577","FAT","2020-04-06",0,0
"578","GEG","2020-04-06",2,3
"579","LAS","2020-04-06",1,3
"580","PDX","2020-04-06",2,5
"581","RNO","2020-04-06",0,8
"582","SEA","2020-04-06",0,5
"583","FAT","2020-04-07",1,6
"584","GEG","2020-04-07",1,7
"585","LAS","2020-04-07",0,9
"586","PDX","2020-04-07",1,4
"587","RNO","2020-04-07",3,5
"588","SEA","2020-04-07",2,5
"589","FAT","2020-04-08",0,9
"590","GEG","2020-04-08",4,6
"591","LAS","2020-04-08",2,4
"592","PDX","2020-04-08",2,3
"593","RNO","2020-04-08",0,7
"594","SEA","2020-04-08",2,3
"595","FAT","2020-04-09",2,3
"596","GEG","2020-04-09",0,4
"597","LAS","2020-04-09",0,8
"598","PDX","2020-04-09",1,9
"599","RNO","2020-04-09",2,5
"600","SEA","2020-04-09",1,3
"601","FAT","2020-04-10",0,9
"602","GEG","2020-04-10",3,7
"603","LAS","2020-04-10",0,5
"604","PDX","2020-04-10",1,4
"605","RNO","2020-04-10",0,5
"606","SEA","2020-04-10",2,3
"607","FAT","2020-04-11",1,5
"608","GEG","2020-04-11",5,4
"609","LAS","2020-04-11",0,7
"610","PDX","2020-04-11",0,7
"611","RNO","2020-04-11",2,5
"612","SEA","2020-04-11",2,4
"613","FAT","2020-04-12",0,4
"614","GEG","2020-04-12",1,3
"615","LAS","2020-04-12",1,3
"616","PDX","2020-04-12",1,4
"617","RNO","2020-04-12",0,9
"618","SEA","2020-04-12",3,7
"619","FAT","2020-04-13",1,3
"620","GEG","2020-04-13",1,9
"621","LAS","2020-04-13",0,7
"622","PDX","2020-04-13",1,0
"623","RNO","2020-04-13",2,5
"624","SEA","2020-04-13",0,8
"625","FAT","2020-04-14",0,5
"626","GEG","2020-04-14",1,6
"627","LAS","2020-04-14",1,3
"628","PDX","2020-04-14",1,6
"629","RNO","2020-04-14",0,9
"630","SEA","2020-04-14",1,5
"631","FAT","2020-04-15",0,6
"632","GEG","2020-04-15",2,6
"633","LAS","2020-04-15",0,3
"634","PDX","2020-04-15",1,10
"635","RNO","2020-04-15",1,7
"636","SEA","2020-04-15",1,6
"637","FAT","2020-04-16",0,9
"638","GEG","2020-04-16",0,3
"639","LAS","2020-04-16",2,6
"640","PDX","2020-04-16",4,7
"641","RNO","2020-04-16",0,9
"642","SEA","2020-04-16",2,5
"643","FAT","2020-04-17",1,6
"644","GEG","2020-04-17",2,3
"645","LAS","2020-04-17",0,7
"646","PDX","2020-04-17",1,5
"647","RNO","2020-04-17",2,4
"648","SEA","2020-04-17",2,4
"649","FAT","2020-04-18",0,5
"650","GEG","2020-04-18",1,4
"651","LAS","2020-04-18",1,4
"652","PDX","2020-04-18",0,6
"653","RNO","2020-04-18",0,4
"654","SEA","2020-04-18",1,5
"655","FAT","2020-04-19",1,7
"656","GEG","2020-04-19",2,9
"657","LAS","2020-04-19",0,5
"658","PDX","2020-04-19",1,7
"659","RNO","2020-04-19",0,4
"660","SEA","2020-04-19",1,4
"661","FAT","2020-04-20",0,4
"662","GEG","2020-04-20",2,4
"663","LAS","2020-04-20",1,9
"664","PDX","2020-04-20",1,5
"665","RNO","2020-04-20",0,6
"666","SEA","2020-04-20",0,5
"667","FAT","2020-04-21",1,9
"668","GEG","2020-04-21",1,0
"669","LAS","2020-04-21",0,7
"670","PDX","2020-04-21",3,3
"671","RNO","2020-04-21",1,7
"672","SEA","2020-04-21",2,3
"673","FAT","2020-04-22",0,0
"674","GEG","2020-04-22",2,6
"675","LAS","2020-04-22",1,10
"676","PDX","2020-04-22",2,5
"677","RNO","2020-04-22",0,5
"678","SEA","2020-04-22",1,0
"679","FAT","2020-04-23",1,5
"680","GEG","2020-04-23",0,6
"681","LAS","2020-04-23",0,4
"682","PDX","2020-04-23",1,5
"683","RNO","2020-04-23",1,9
"684","SEA","2020-04-23",1,5
"685","FAT","2020-04-24",0,9
"686","GEG","2020-04-24",1,7
"687","LAS","2020-04-24",0,7
"688","PDX","2020-04-24",1,7
"689","RNO","2020-04-24",0,8
"690","SEA","2020-04-24",2,6
"691","FAT","2020-04-25",1,6
"692","GEG","2020-04-25",1,9
"693","LAS","2020-04-25",0,5
"694","PDX","2020-04-25",0,3
"695","RNO","2020-04-25",1,7
"696","SEA","2020-04-25",1,4
"697","FAT","2020-04-26",0,10
"698","GEG","2020-04-26",1,0
"699","LAS","2020-04-26",1,9
"700","PDX","2020-04-26",1,4
"701","RNO","2020-04-26",0,3
"702","SEA","2020-04-26",2,7
"703","FAT","2020-04-27",1,0
"704","GEG","2020-04-27",1,7
"705","LAS","2020-04-27",0,7
"706","PDX","2020-04-27",1,0
"707","RNO","2020-04-27",2,6
"708","SEA","2020-04-27",0,5
"709","FAT","2020-04-28",0,8
"710","GEG","2020-04-28",1,4
"711","LAS","2020-04-28",4,5
"712","PDX","2020-04-28",1,6
"713","RNO","2020-04-28",0,6
"714","SEA","2020-04-28",1,10
"715","FAT","2020-04-29",0,3
"716","GEG","2020-04-29",2,7
"717","LAS","2020-04-29",0,5
"718","PDX","2020-04-29",1,0
"719","RNO","2020-04-29",1,4
"720","SEA","2020-04-29",1,9
"721","FAT","2020-04-30",0,3
"722","GEG","2020-04-30",0,7
"723","LAS","2020-04-30",1,5
"724","PDX","2020-04-30",1,5
"725","RNO","2020-04-30",0,4
"726","SEA","2020-04-30",1,4
"727","FAT","2020-05-01",2,8
"728","GEG","2020-05-01",2,6
"729","LAS","2020-05-01",0,1
"730","PDX","2020-05-01",2,5
"731","RNO","2020-05-01",3,3
"732","SEA","2020-05-01",2,10
"733","FAT","2020-05-02",0,7
"734","GEG","2020-05-02",1,6
"735","LAS","2020-05-02",1,7
"736","PDX","2020-05-02",0,5
"737","RNO","2020-05-02",0,4
"738","SEA","2020-05-02",2,3
"739","FAT","2020-05-03",2,5
"740","GEG","2020-05-03",2,4
"741","LAS","2020-05-03",0,6
"742","PDX","2020-05-03",1,5
"743","RNO","2020-05-03",0,7
"744","SEA","2020-05-03",1,6
"745","FAT","2020-05-04",0,6
"746","GEG","2020-05-04",2,7
"747","LAS","2020-05-04",2,8
"748","PDX","2020-05-04",1,8
"749","RNO","2020-05-04",0,5
"750","SEA","2020-05-04",0,9
"751","FAT","2020-05-05",2,8
"752","GEG","2020-05-05",2,3
"753","LAS","2020-05-05",0,6
"754","PDX","2020-05-05",1,9
"755","RNO","2020-05-05",2,6
"756","SEA","2020-05-05",2,7
"757","FAT","2020-05-06",0,7
"758","GEG","2020-05-06",3,3
"759","LAS","2020-05-06",4,6
"760","PDX","2020-05-06",1,8
"761","RNO","2020-05-06",0,1
"762","SEA","2020-05-06",1,5
"763","FAT","2020-05-07",3,7
"764","GEG","2020-05-07",0,6
"765","LAS","2020-05-07",0,7
"766","PDX","2020-05-07",2,8
"767","RNO","2020-05-07",1,7
"768","SEA","2020-05-07",1,7
"769","FAT","2020-05-08",0,6
"770","GEG","2020-05-08",2,7
"771","LAS","2020-05-08",0,9
"772","PDX","2020-05-08",1,3
"773","RNO","2020-05-08",0,4
"774","SEA","2020-05-08",2,7
"775","FAT","2020-05-09",1,5
"776","GEG","2020-05-09",1,5
"777","LAS","2020-05-09",0,3
"778","PDX","2020-05-09",0,3
"779","RNO","2020-05-09",2,9
"780","SEA","2020-05-09",1,5
"781","FAT","2020-05-10",0,4
"782","GEG","2020-05-10",2,3
"783","LAS","2020-05-10",1,4
"784","PDX","2020-05-10",1,6
"785","RNO","2020-05-10",0,5
"786","SEA","2020-05-10",3,4
"787","FAT","2020-05-11",2,7
"788","GEG","2020-05-11",1,4
"789","LAS","2020-05-11",0,3
"790","PDX","2020-05-11",2,8
"791","RNO","2020-05-11",1,7
"792","SEA","2020-05-11",0,4
"793","FAT","2020-05-12",0,5
"794","GEG","2020-05-12",2,8
"795","LAS","2020-05-12",1,0
"796","PDX","2020-05-12",1,9
"797","RNO","2020-05-12",0,5
"798","SEA","2020-05-12",2,3
"799","FAT","2020-05-13",0,10
"800","GEG","2020-05-13",1,6
"801","LAS","2020-05-13",0,7
"802","PDX","2020-05-13",1,9
"803","RNO","2020-05-13",1,3
"804","SEA","2020-05-13",1,3
"805","FAT","2020-05-14",0,7
"806","GEG","2020-05-14",0,8
"807","LAS","2020-05-14",1,6
"808","PDX","2020-05-14",2,4
"809","RNO","2020-05-14",0,4
"810","SEA","2020-05-14",3,10
"811","FAT","2020-05-15",1,3
"812","GEG","2020-05-15",1,6
"813","LAS","2020-05-15",0,10
"814","PDX","2020-05-15",2,3
"815","RNO","2020-05-15",2,8
"816","SEA","2020-05-15",1,7
"817","FAT","2020-05-16",0,9
"818","GEG","2020-05-16",2,8
"819","LAS","2020-05-16",2,6
"820","PDX","2020-05-16",0,5
"821","RNO","2020-05-16",0,4
"822","SEA","2020-05-16",1,5
"823","FAT","2020-05-17",1,6
"824","GEG","2020-05-17",2,8
"825","LAS","2020-05-17",0,10
"826","PDX","2020-05-17",2,6
"827","RNO","2020-05-17",0,3
"828","SEA","2020-05-17",3,6
"829","FAT","2020-05-18",0,7
"830","GEG","2020-05-18",1,6
"831","LAS","2020-05-18",1,3
"832","PDX","2020-05-18",2,4
"833","RNO","2020-05-18",0,8
"834","SEA","2020-05-18",0,6
"835","FAT","2020-05-19",2,6
"836","GEG","2020-05-19",2,0
"837","LAS","2020-05-19",0,6
"838","PDX","2020-05-19",1,10
"839","RNO","2020-05-19",2,7
"840","SEA","2020-05-19",2,7
"841","FAT","2020-05-20",0,0
"842","GEG","2020-05-20",1,4
"843","LAS","2020-05-20",2,7
"844","PDX","2020-05-20",1,6
"845","RNO","2020-05-20",0,8
"846","SEA","2020-05-20",1,5
"847","FAT","2020-05-21",1,4
"848","GEG","2020-05-21",0,4
"849","LAS","2020-05-21",0,3
"850","PDX","2020-05-21",5,7
"851","RNO","2020-05-21",1,0
"852","SEA","2020-05-21",1,0
"853","FAT","2020-05-22",0,10
"854","GEG","2020-05-22",1,5
"855","LAS","2020-05-22",0,4
"856","PDX","2020-05-22",1,3
"857","RNO","2020-05-22",0,7
"858","SEA","2020-05-22",2,4
"859","FAT","2020-05-23",2,4
"860","GEG","2020-05-23",1,3
"861","LAS","2020-05-23",0,6
"862","PDX","2020-05-23",0,0
"863","RNO","2020-05-23",1,4
"864","SEA","2020-05-23",1,10
"865","FAT","2020-05-24",0,5
"866","GEG","2020-05-24",1,10
"867","LAS","2020-05-24",1,5
"868","PDX","2020-05-24",1,6
"869","RNO","2020-05-24",0,7
"870","SEA","2020-05-24",1,9
"871","FAT","2020-05-25",1,9
"872","GEG","2020-05-25",2,7
"873","LAS","2020-05-25",0,0
"874","PDX","2020-05-25",2,6
"875","RNO","2020-05-25",2,4
"876","SEA","2020-05-25",0,4
"877","FAT","2020-05-26",0,7
"878","GEG","2020-05-26",1,3
"879","LAS","2020-05-26",1,7
"880","PDX","2020-05-26",4,6
"881","RNO","2020-05-26",0,4
"882","SEA","2020-05-26",2,9
"883","FAT","2020-05-27",0,3
"884","GEG","2020-05-27",1,10
"885","LAS","2020-05-27",0,4
"886","PDX","2020-05-27",1,6
"887","RNO","2020-05-27",1,5
"888","SEA","2020-05-27",2,4
"889","FAT","2020-05-28",0,3
"890","GEG","2020-05-28",0,8
"891","LAS","2020-05-28",1,7
"892","PDX","2020-05-28",3,7
"893","RNO","2020-05-28",0,7
"894","SEA","2020-05-28",2,5
"895","FAT","2020-05-29",1,5
"896","GEG","2020-05-29",1,4
"897","LAS","2020-05-29",0,5
"898","PDX","2020-05-29",2,9
"899","RNO","2020-05-29",1,4
"900","SEA","2020-05-29",2,5
"901","FAT","2020-05-30",0,10
"902","GEG","2020-05-30",1,0
"903","LAS","2020-05-30",1,4
"904","PDX","2020-05-30",0,7
"905","RNO","2020-05-30",0,5
"906","SEA","2020-05-30",1,4
"907","FAT","2020-05-31",2,10
"908","GEG","2020-05-31",3,5
"909","LAS","2020-05-31",0,7
"910","PDX","2020-05-31",2,5
"911","RNO","2020-05-31",0,5
"912","SEA","2020-05-31",1,5
"913","FAT","2020-06-01",0,7
"914","GEG","2020-06-01",2,6
"915","LAS","2020-06-01",3,5
"916","PDX","2020-06-01",3,3
"917","RNO","2020-06-01",0,6
"918","SEA","2020-06-01",0,5
"919","FAT","2020-06-02",2,7
"920","GEG","2020-06-02",1,3
"921","LAS","2020-06-02",0,9
"922","PDX","2020-06-02",2,3
"923","RNO","2020-06-02",2,3
"924","SEA","2020-06-02",1,3
"925","FAT","2020-06-03",0,6
"926","GEG","2020-06-03",2,9
"927","LAS","2020-06-03",2,4
"928","PDX","2020-06-03",1,8
"929","RNO","2020-06-03",0,0
"930","SEA","2020-06-03",1,8
"931","FAT","2020-06-04",2,9
"932","GEG","2020-06-04",0,5
"933","LAS","2020-06-04",0,9
"934","PDX","2020-06-04",2,4
"935","RNO","2020-06-04",2,5
"936","SEA","2020-06-04",2,4
"937","FAT","2020-06-05",0,7
"938","GEG","2020-06-05",1,10
"939","LAS","2020-06-05",0,5
"940","PDX","2020-06-05",2,3
"941","RNO","2020-06-05",0,5
"942","SEA","2020-06-05",1,3
"943","FAT","2020-06-06",1,9
"944","GEG","2020-06-06",2,6
"945","LAS","2020-06-06",0,5
"946","PDX","2020-06-06",0,5
"947","RNO","2020-06-06",2,5
"948","SEA","2020-06-06",3,8
"949","FAT","2020-06-07",0,5
"950","GEG","2020-06-07",1,4
"951","LAS","2020-06-07",2,7
"952","PDX","2020-06-07",1,3
"953","RNO","2020-06-07",0,0
"954","SEA","2020-06-07",1,6
"955","FAT","2020-06-08",1,6
"956","GEG","2020-06-08",1,4
"957","LAS","2020-06-08",0,7
"958","PDX","2020-06-08",1,8
"959","RNO","2020-06-08",2,1
"960","SEA","2020-06-08",0,6
"961","FAT","2020-06-09",0,3
"962","GEG","2020-06-09",2,8
"963","LAS","2020-06-09",1,7
"964","PDX","2020-06-09",4,5
"965","RNO","2020-06-09",0,5
"966","SEA","2020-06-09",1,0
"967","FAT","2020-06-10",0,5
"968","GEG","2020-06-10",2,3
"969","LAS","2020-06-10",0,7
"970","PDX","2020-06-10",1,3
"971","RNO","2020-06-10",2,10
"972","SEA","2020-06-10",2,3
"973","FAT","2020-06-11",0,6
"974","GEG","2020-06-11",0,8
"975","LAS","2020-06-11",2,5
"976","PDX","2020-06-11",3,8
"977","RNO","2020-06-11",0,9
"978","SEA","2020-06-11",2,6
"979","FAT","2020-06-12",1,8
"980","GEG","2020-06-12",1,7
"981","LAS","2020-06-12",0,4
"982","PDX","2020-06-12",2,5
"983","RNO","2020-06-12",2,5
"984","SEA","2020-06-12",1,5
"985","FAT","2020-06-13",0,10
"986","GEG","2020-06-13",1,7
"987","LAS","2020-06-13",2,7
"988","PDX","2020-06-13",0,6
"989","RNO","2020-06-13",0,3
"990","SEA","2020-06-13",3,8
"991","FAT","2020-06-14",1,5
"992","GEG","2020-06-14",2,7
"993","LAS","2020-06-14",0,8
"994","PDX","2020-06-14",2,8
"995","RNO","2020-06-14",0,9
"996","SEA","2020-06-14",1,8
"997","FAT","2020-06-15",0,3
"998","GEG","2020-06-15",1,8
"999","LAS","2020-06-15",1,5
"1000","PDX","2020-06-15",2,5
"1001","RNO","2020-06-15",0,6
"1002","SEA","2020-06-15",0,7
"1003","FAT","2020-06-16",1,6
"1004","GEG","2020-06-16",1,8
"1005","LAS","2020-06-16",0,9
"1006","PDX","2020-06-16",2,10
"1007","RNO","2020-06-16",3,7
"1008","SEA","2020-06-16",1,4
"1009","FAT","2020-06-17",0,6
"1010","GEG","2020-06-17",1,0
"1011","LAS","2020-06-17",1,7
"1012","PDX","2020-06-17",1,7
"1013","RNO","2020-06-17",0,6
"1014","SEA","2020-06-17",1,10
"1015","FAT","2020-06-18",1,7
"1016","GEG","2020-06-18",0,8
"1017","LAS","2020-06-18",0,3
"1018","PDX","2020-06-18",1,5
"1019","RNO","2020-06-18",1,3
"1020","SEA","2020-06-18",2,6
"1021","FAT","2020-06-19",0,5
"1022","GEG","2020-06-19",2,7
"1023","LAS","2020-06-19",0,6
"1024","PDX","2020-06-19",1,6
"1025","RNO","2020-06-19",0,7
"1026","SEA","2020-06-19",2,3
"1027","FAT","2020-06-20",1,6
"1028","GEG","2020-06-20",2,6
"1029","LAS","2020-06-20",0,9
"1030","PDX","2020-06-20",0,3
"1031","RNO","2020-06-20",2,8
"1032","SEA","2020-06-20",1,5
"1033","FAT","2020-06-21",0,1
"1034","GEG","2020-06-21",1,5
"1035","LAS","2020-06-21",1,7
"1036","PDX","2020-06-21",1,7
"1037","RNO","2020-06-21",0,7
"1038","SEA","2020-06-21",1,6
"1039","FAT","2020-06-22",1,8
"1040","GEG","2020-06-22",1,4
"1041","LAS","2020-06-22",0,3
"1042","PDX","2020-06-22",1,8
"1043","RNO","2020-06-22",2,8
"1044","SEA","2020-06-22",0,4
"1045","FAT","2020-06-23",0,4
"1046","GEG","2020-06-23",1,10
"1047","LAS","2020-06-23",1,7
"1048","PDX","2020-06-23",2,7
"1049","RNO","2020-06-23",0,4
"1050","SEA","2020-06-23",1,6
"1051","FAT","2020-06-24",0,6
"1052","GEG","2020-06-24",1,4
"1053","LAS","2020-06-24",0,8
"1054","PDX","2020-06-24",1,8
"1055","RNO","2020-06-24",2,8
"1056","SEA","2020-06-24",1,6
"1057","FAT","2020-06-25",0,8
"1058","GEG","2020-06-25",0,6
"1059","LAS","2020-06-25",1,8
"1060","PDX","2020-06-25",1,6
"1061","RNO","2020-06-25",0,6
"1062","SEA","2020-06-25",1,7
"1063","FAT","2020-06-26",1,5
"1064","GEG","2020-06-26",1,7
"1065","LAS","2020-06-26",0,3
"1066","PDX","2020-06-26",1,5
"1067","RNO","2020-06-26",4,9
"1068","SEA","2020-06-26",2,5
"1069","FAT","2020-06-27",0,6
"1070","GEG","2020-06-27",2,5
"1071","LAS","2020-06-27",1,4
"1072","PDX","2020-06-27",0,7
"1073","RNO","2020-06-27",0,8
"1074","SEA","2020-06-27",1,7
"1075","FAT","2020-06-28",1,6
"1076","GEG","2020-06-28",2,4
"1077","LAS","2020-06-28",0,6
"1078","PDX","2020-06-28",1,9
"1079","RNO","2020-06-28",0,4
"1080","SEA","2020-06-28",2,7
"1081","FAT","2020-06-29",0,5
"1082","GEG","2020-06-29",1,6
"1083","LAS","2020-06-29",1,6
"1084","PDX","2020-06-29",1,5
"1085","RNO","2020-06-29",0,8
"1086","SEA","2020-06-29",0,5
"1087","FAT","2020-06-30",2,8
"1088","GEG","2020-06-30",1,5
"1089","LAS","2020-06-30",0,5
"1090","PDX","2020-06-30",3,5
"1091","RNO","2020-06-30",1,3
"1092","SEA","2020-06-30",1,5
"1093","FAT","2020-07-01",0,3
"1094","GEG","2020-07-01",1,7
"1095","LAS","2020-07-01",1,3
"1096","PDX","2020-07-01",1,4
"1097","RNO","2020-07-01",0,5
"1098","SEA","2020-07-01",1,6
"1099","FAT","2020-07-02",2,5
"1100","GEG","2020-07-02",0,7
"1101","LAS","2020-07-02",0,0
"1102","PDX","2020-07-02",1,3
"1103","RNO","2020-07-02",1,4
"1104","SEA","2020-07-02",2,8
"1105","FAT","2020-07-03",0,5
"1106","GEG","2020-07-03",2,4
"1107","LAS","2020-07-03",0,8
"1108","PDX","2020-07-03",1,6
"1109","RNO","2020-07-03",0,4
"1110","SEA","2020-07-03",2,3
"1111","FAT","2020-07-04",1,4
"1112","GEG","2020-07-04",1,3
"1113","LAS","2020-07-04",0,9
"1114","PDX","2020-07-04",0,3
"1115","RNO","2020-07-04",1,9
"1116","SEA","2020-07-04",2,7
"1117","FAT","2020-07-05",0,7
"1118","GEG","2020-07-05",1,5
"1119","LAS","2020-07-05",2,3
"1120","PDX","2020-07-05",2,8
"1121","RNO","2020-07-05",0,7
"1122","SEA","2020-07-05",1,6
"1123","FAT","2020-07-06",1,1
"1124","GEG","2020-07-06",2,9
"1125","LAS","2020-07-06",0,7
"1126","PDX","2020-07-06",1,3
"1127","RNO","2020-07-06",2,5
"1128","SEA","2020-07-06",0,8
"1129","FAT","2020-07-07",0,4
"1130","GEG","2020-07-07",1,0
"1131","LAS","2020-07-07",1,7
"1132","PDX","2020-07-07",2,7
"1133","RNO","2020-07-07",0,3
"1134","SEA","2020-07-07",1,4
"1135","FAT","2020-07-08",0,9
"1136","GEG","2020-07-08",2,8
"1137","LAS","2020-07-08",0,10
"1138","PDX","2020-07-08",1,7
"1139","RNO","2020-07-08",1,8
"1140","SEA","2020-07-08",2,4
"1141","FAT","2020-07-09",0,7
"1142","GEG","2020-07-09",0,3
"1143","LAS","2020-07-09",2,5
"1144","PDX","2020-07-09",1,6
"1145","RNO","2020-07-09",0,9
"1146","SEA","2020-07-09",3,3
"1147","FAT","2020-07-10",1,9
"1148","GEG","2020-07-10",1,9
"1149","LAS","2020-07-10",0,7
"1150","PDX","2020-07-10",2,3
"1151","RNO","2020-07-10",1,7
"1152","SEA","2020-07-10",2,0
"1153","FAT","2020-07-11",0,3
"1154","GEG","2020-07-11",1,9
"1155","LAS","2020-07-11",1,7
"1156","PDX","2020-07-11",0,0
"1157","RNO","2020-07-11",0,4
"1158","SEA","2020-07-11",1,8
"1159","FAT","2020-07-12",2,4
"1160","GEG","2020-07-12",2,9
"1161","LAS","2020-07-12",0,8
"1162","PDX","2020-07-12",2,10
"1163","RNO","2020-07-12",0,8
"1164","SEA","2020-07-12",1,7
"1165","FAT","2020-07-13",0,3
"1166","GEG","2020-07-13",1,7
"1167","LAS","2020-07-13",1,6
"1168","PDX","2020-07-13",2,5
"1169","RNO","2020-07-13",0,5
"1170","SEA","2020-07-13",0,9
"1171","FAT","2020-07-14",2,7
"1172","GEG","2020-07-14",1,1
"1173","LAS","2020-07-14",0,6
"1174","PDX","2020-07-14",1,7
"1175","RNO","2020-07-14",1,7
"1176","SEA","2020-07-14",2,7
"1177","FAT","2020-07-15",0,7
"1178","GEG","2020-07-15",2,4
"1179","LAS","2020-07-15",1,7
"1180","PDX","2020-07-15",3,5
"1181","RNO","2020-07-15",0,6
"1182","SEA","2020-07-15",1,6
"1183","FAT","2020-07-16",1,3
"1184","GEG","2020-07-16",0,4
"1185","LAS","2020-07-16",0,5
"1186","PDX","2020-07-16",1,7
"1187","RNO","2020-07-16",2,9
"1188","SEA","2020-07-16",3,5
"1189","FAT","2020-07-17",0,6
"1190","GEG","2020-07-17",1,4
"1191","LAS","2020-07-17",0,4
"1192","PDX","2020-07-17",1,4
"1193","RNO","2020-07-17",0,8
"1194","SEA","2020-07-17",1,9
"1195","FAT","2020-07-18",1,5
"1196","GEG","2020-07-18",1,6
"1197","LAS","2020-07-18",0,7
"1198","PDX","2020-07-18",0,3
"1199","RNO","2020-07-18",1,3
"1200","SEA","2020-07-18",1,6
"1201","FAT","2020-07-19",0,8
"1202","GEG","2020-07-19",2,7
"1203","LAS","2020-07-19",2,4
"1204","PDX","2020-07-19",2,5
"1205","RNO","2020-07-19",0,5
"1206","SEA","2020-07-19",2,6
"1207","FAT","2020-07-20",2,3
"1208","GEG","2020-07-20",2,9
"1209","LAS","2020-07-20",0,5
"1210","PDX","2020-07-20",1,4
"1211","RNO","2020-07-20",1,10
"1212","SEA","2020-07-20",0,5
"1213","FAT","2020-07-21",0,7
"1214","GEG","2020-07-21",1,7
"1215","LAS","2020-07-21",1,10
"1216","PDX","2020-07-21",2,9
"1217","RNO","2020-07-21",0,7
"1218","SEA","2020-07-21",2,0
"1219","FAT","2020-07-22",0,6
"1220","GEG","2020-07-22",2,6
"1221","LAS","2020-07-22",0,4
"1222","PDX","2020-07-22",1,7
"1223","RNO","2020-07-22",1,7
"1224","SEA","2020-07-22",1,5
"1225","FAT","2020-07-23",0,8
"1226","GEG","2020-07-23",0,5
"1227","LAS","2020-07-23",1,0
"1228","PDX","2020-07-23",1,5
"1229","RNO","2020-07-23",0,7
"1230","SEA","2020-07-23",2,0
"1231","FAT","2020-07-24",1,6
"1232","GEG","2020-07-24",1,4
"1233","LAS","2020-07-24",0,5
"1234","PDX","2020-07-24",1,6
"1235","RNO","2020-07-24",1,4
"1236","SEA","2020-07-24",1,9
"1237","FAT","2020-07-25",0,5
"1238","GEG","2020-07-25",1,8
"1239","LAS","2020-07-25",1,3
"1240","PDX","2020-07-25",0,7
"1241","RNO","2020-07-25",0,5
"1242","SEA","2020-07-25",3,5
"1243","FAT","2020-07-26",2,1
"1244","GEG","2020-07-26",1,7
"1245","LAS","2020-07-26",0,4
"1246","PDX","2020-07-26",1,9
"1247","RNO","2020-07-26",0,0
"1248","SEA","2020-07-26",3,6
"1249","FAT","2020-07-27",0,6
"1250","GEG","2020-07-27",1,7
"1251","LAS","2020-07-27",1,4
"1252","PDX","2020-07-27",1,5
"1253","RNO","2020-07-27",0,4
"1254","SEA","2020-07-27",0,8
"1255","FAT","2020-07-28",1,9
"1256","GEG","2020-07-28",1,6
"1257","LAS","2020-07-28",0,3
"1258","PDX","2020-07-28",1,4
"1259","RNO","2020-07-28",1,9
"1260","SEA","2020-07-28",2,3
"1261","FAT","2020-07-29",0,6
"1262","GEG","2020-07-29",1,8
"1263","LAS","2020-07-29",1,5
"1264","PDX","2020-07-29",1,10
"1265","RNO","2020-07-29",0,6
"1266","SEA","2020-07-29",1,0
"1267","FAT","2020-07-30",2,7
"1268","GEG","2020-07-30",0,7
"1269","LAS","2020-07-30",0,9
"1270","PDX","2020-07-30",1,9
"1271","RNO","2020-07-30",1,4
"1272","SEA","2020-07-30",1,7
"1273","FAT","2020-07-31",0,8
"1274","GEG","2020-07-31",1,8
"1275","LAS","2020-07-31",0,6
"1276","PDX","2020-07-31",1,5
"1277","RNO","2020-07-31",0,4
"1278","SEA","2020-07-31",1,3
"1279","FAT","2020-08-01",2,9
"1280","GEG","2020-08-01",3,6
"1281","LAS","2020-08-01",0,5
"1282","PDX","2020-08-01",0,3
"1283","RNO","2020-08-01",1,5
"1284","SEA","2020-08-01",2,8
"1285","FAT","2020-08-02",0,9
"1286","GEG","2020-08-02",1,10
"1287","LAS","2020-08-02",2,5
"1288","PDX","2020-08-02",2,8
"1289","RNO","2020-08-02",0,9
"1290","SEA","2020-08-02",1,4
"1291","FAT","2020-08-03",1,9
"1292","GEG","2020-08-03",2,8
"1293","LAS","2020-08-03",0,4
"1294","PDX","2020-08-03",1,0
"1295","RNO","2020-08-03",2,4
"1296","SEA","2020-08-03",0,3
"1297","FAT","2020-08-04",0,7
"1298","GEG","2020-08-04",2,5
"1299","LAS","2020-08-04",1,7
"1300","PDX","2020-08-04",1,5
"1301","RNO","2020-08-04",0,9
"1302","SEA","2020-08-04",1,4
"1303","FAT","2020-08-05",0,6
"1304","GEG","2020-08-05",1,8
"1305","LAS","2020-08-05",0,7
"1306","PDX","2020-08-05",2,5
"1307","RNO","2020-08-05",2,5
"1308","SEA","2020-08-05",1,10
"1309","FAT","2020-08-06",0,5
"1310","GEG","2020-08-06",0,6
"1311","LAS","2020-08-06",2,5
"1312","PDX","2020-08-06",1,8
"1313","RNO","2020-08-06",0,7
"1314","SEA","2020-08-06",1,4
"1315","FAT","2020-08-07",1,7
"1316","GEG","2020-08-07",2,3
"1317","LAS","2020-08-07",0,9
"1318","PDX","2020-08-07",1,7
"1319","RNO","2020-08-07",1,5
"1320","SEA","2020-08-07",3,8
"1321","FAT","2020-08-08",0,6
"1322","GEG","2020-08-08",1,0
"1323","LAS","2020-08-08",2,5
"1324","PDX","2020-08-08",0,4
"1325","RNO","2020-08-08",0,6
"1326","SEA","2020-08-08",1,5
"1327","FAT","2020-08-09",1,4
"1328","GEG","2020-08-09",2,3
"1329","LAS","2020-08-09",0,7
"1330","PDX","2020-08-09",2,7
"1331","RNO","2020-08-09",0,1
"1332","SEA","2020-08-09",1,10
"1333","FAT","2020-08-10",0,8
"1334","GEG","2020-08-10",1,7
"1335","LAS","2020-08-10",1,4
"1336","PDX","2020-08-10",2,9
"1337","RNO","2020-08-10",0,5
"1338","SEA","2020-08-10",0,4
"1339","FAT","2020-08-11",2,7
"1340","GEG","2020-08-11",2,9
"1341","LAS","2020-08-11",0,9
"1342","PDX","2020-08-11",1,3
"1343","RNO","2020-08-11",1,10
"1344","SEA","2020-08-11",1,5
"1345","FAT","2020-08-12",0,7
"1346","GEG","2020-08-12",1,7
"1347","LAS","2020-08-12",1,3
"1348","PDX","2020-08-12",1,4
"1349","RNO","2020-08-12",0,8
"1350","SEA","2020-08-12",1,4
"1351","FAT","2020-08-13",2,5
"1352","GEG","2020-08-13",0,9
"1353","LAS","2020-08-13",0,4
"1354","PDX","2020-08-13",1,7
"1355","RNO","2020-08-13",1,3
"1356","SEA","2020-08-13",2,8
"1357","FAT","2020-08-14",0,9
"1358","GEG","2020-08-14",2,7
"1359","LAS","2020-08-14",0,9
"1360","PDX","2020-08-14",2,7
"1361","RNO","2020-08-14",0,5
"1362","SEA","2020-08-14",1,5
"1363","FAT","2020-08-15",3,7
"1364","GEG","2020-08-15",1,4
"1365","LAS","2020-08-15",0,5
"1366","PDX","2020-08-15",0,7
"1367","RNO","2020-08-15",1,4
"1368","SEA","2020-08-15",1,3
"1369","FAT","2020-08-16",0,7
"1370","GEG","2020-08-16",1,5
"1371","LAS","2020-08-16",2,6
"1372","PDX","2020-08-16",2,9
"1373","RNO","2020-08-16",0,4
"1374","SEA","2020-08-16",1,3
"1375","FAT","2020-08-17",2,3
"1376","GEG","2020-08-17",3,3
"1377","LAS","2020-08-17",0,5
"1378","PDX","2020-08-17",1,6
"1379","RNO","2020-08-17",2,6
"1380","SEA","2020-08-17",0,5
"1381","FAT","2020-08-18",0,7
"1382","GEG","2020-08-18",1,5
"1383","LAS","2020-08-18",1,3
"1384","PDX","2020-08-18",2,5
"1385","RNO","2020-08-18",0,8
"1386","SEA","2020-08-18",3,8
"1387","FAT","2020-08-19",0,6
"1388","GEG","2020-08-19",2,4
"1389","LAS","2020-08-19",0,3
"1390","PDX","2020-08-19",2,0
"1391","RNO","2020-08-19",2,0
"1392","SEA","2020-08-19",2,9
"1393","FAT","2020-08-20",0,6
"1394","GEG","2020-08-20",0,3
"1395","LAS","2020-08-20",2,4
"1396","PDX","2020-08-20",1,9
"1397","RNO","2020-08-20",0,8
"1398","SEA","2020-08-20",1,4
"1399","FAT","2020-08-21",2,4
"1400","GEG","2020-08-21",2,5
"1401","LAS","2020-08-21",0,7
"1402","PDX","2020-08-21",1,5
"1403","RNO","2020-08-21",2,4
"1404","SEA","2020-08-21",1,5
"1405","FAT","2020-08-22",0,5
"1406","GEG","2020-08-22",2,4
"1407","LAS","2020-08-22",1,5
"1408","PDX","2020-08-22",0,7
"1409","RNO","2020-08-22",0,4
"1410","SEA","2020-08-22",4,7
"1411","FAT","2020-08-23",2,6
"1412","GEG","2020-08-23",2,4
"1413","LAS","2020-08-23",0,6
"1414","PDX","2020-08-23",2,7
"1415","RNO","2020-08-23",0,3
"1416","SEA","2020-08-23",2,4
"1417","FAT","2020-08-24",0,5
"1418","GEG","2020-08-24",1,5
"1419","LAS","2020-08-24",2,4
"1420","PDX","2020-08-24",1,10
"1421","RNO","2020-08-24",0,3
"1422","SEA","2020-08-24",0,4
"1423","FAT","2020-08-25",2,6
"1424","GEG","2020-08-25",1,3
"1425","LAS","2020-08-25",0,6
"1426","PDX","2020-08-25",1,4
"1427","RNO","2020-08-25",1,6
"1428","SEA","2020-08-25",4,4
"1429","FAT","2020-08-26",0,4
"1430","GEG","2020-08-26",1,5
"1431","LAS","2020-08-26",1,4
"1432","PDX","2020-08-26",2,6
"1433","RNO","2020-08-26",0,9
"1434","SEA","2020-08-26",1,4
"1435","FAT","2020-08-27",1,3
"1436","GEG","2020-08-27",0,6
"1437","LAS","2020-08-27",0,3
"1438","PDX","2020-08-27",2,6
"1439","RNO","2020-08-27",2,4
"1440","SEA","2020-08-27",1,5
"1441","FAT","2020-08-28",0,5
"1442","GEG","2020-08-28",1,10
"1443","LAS","2020-08-28",0,10
"1444","PDX","2020-08-28",1,10
"1445","RNO","2020-08-28",0,1
"1446","SEA","2020-08-28",1,3
"1447","FAT","2020-08-29",1,10
"1448","GEG","2020-08-29",1,7
"1449","LAS","2020-08-29",0,8
"1450","PDX","2020-08-29",0,6
"1451","RNO","2020-08-29",1,6
"1452","SEA","2020-08-29",1,5
"1453","FAT","2020-08-30",0,7
"1454","GEG","2020-08-30",3,7
"1455","LAS","2020-08-30",2,8
"1456","PDX","2020-08-30",2,9
"1457","RNO","2020-08-30",0,4
"1458","SEA","2020-08-30",1,7
"1459","FAT","2020-08-31",2,7
"1460","GEG","2020-08-31",1,7
"1461","LAS","2020-08-31",0,5
"1462","PDX","2020-08-31",2,9
"1463","RNO","2020-08-31",1,8
"1464","SEA","2020-08-31",0,8
"1465","FAT","2020-09-01",0,5
"1466","GEG","2020-09-01",1,8
"1467","LAS","2020-09-01",1,6
"1468","PDX","2020-09-01",1,10
"1469","RNO","2020-09-01",0,10
"1470","SEA","2020-09-01",3,4
"1471","FAT","2020-09-02",0,5
"1472","GEG","2020-09-02",2,3
"1473","LAS","2020-09-02",0,3
"1474","PDX","2020-09-02",2,7
"1475","RNO","2020-09-02",2,8
"1476","SEA","2020-09-02",1,7
"1477","FAT","2020-09-03",0,10
"1478","GEG","2020-09-03",0,8
"1479","LAS","2020-09-03",4,6
"1480","PDX","2020-09-03",1,3
"1481","RNO","2020-09-03",0,8
"1482","SEA","2020-09-03",3,9
"1483","FAT","2020-09-04",2,0
"1484","GEG","2020-09-04",1,5
"1485","LAS","2020-09-04",0,5
"1486","PDX","2020-09-04",4,9
"1487","RNO","2020-09-04",1,4
"1488","SEA","2020-09-04",2,6
"1489","FAT","2020-09-05",0,4
"1490","GEG","2020-09-05",2,9
"1491","LAS","2020-09-05",1,10
"1492","PDX","2020-09-05",0,6
"1493","RNO","2020-09-05",0,10
"1494","SEA","2020-09-05",2,4
"1495","FAT","2020-09-06",1,7
"1496","GEG","2020-09-06",2,8
"1497","LAS","2020-09-06",0,7
"1498","PDX","2020-09-06",1,6
"1499","RNO","2020-09-06",0,6
"1500","SEA","2020-09-06",1,3
"1501","FAT","2020-09-07",0,8
"1502","GEG","2020-09-07",1,5
"1503","LAS","2020-09-07",1,5
"1504","PDX","2020-09-07",2,5
"1505","RNO","2020-09-07",0,5
"1506","SEA","2020-09-07",0,5
"1507","FAT","2020-09-08",2,5
"1508","GEG","2020-09-08",2,5
"1509","LAS","2020-09-08",0,5
"1510","PDX","2020-09-08",1,6
"1511","RNO","2020-09-08",3,6
"1512","SEA","2020-09-08",1,4
"1513","FAT","2020-09-09",0,3
"1514","GEG","2020-09-09",1,6
"1515","LAS","2020-09-09",2,7
"1516","PDX","2020-09-09",6,3
"1517","RNO","2020-09-09",0,4
"1518","SEA","2020-09-09",1,4
"1519","FAT","2020-09-10",1,10
"1520","GEG","2020-09-10",0,6
"1521","LAS","2020-09-10",0,6
"1522","PDX","2020-09-10",2,5
"1523","RNO","2020-09-10",1,8
"1524","SEA","2020-09-10",1,6
"1525","FAT","2020-09-11",0,6
"1526","GEG","2020-09-11",1,6
"1527","LAS","2020-09-11",0,9
"1528","PDX","2020-09-11",2,6
"1529","RNO","2020-09-11",0,6
"1530","SEA","2020-09-11",1,8
"1531","FAT","2020-09-12",1,6
"1532","GEG","2020-09-12",1,6
"1533","LAS","2020-09-12",0,7
"1534","PDX","2020-09-12",0,4
"1535","RNO","2020-09-12",2,10
"1536","SEA","2020-09-12",1,4
"1537","FAT","2020-09-13",0,5
"1538","GEG","2020-09-13",2,9
"1539","LAS","2020-09-13",2,6
"1540","PDX","2020-09-13",1,6
"1541","RNO","2020-09-13",0,6
"1542","SEA","2020-09-13",2,6
"1543","FAT","2020-09-14",1,5
"1544","GEG","2020-09-14",1,9
"1545","LAS","2020-09-14",0,6
"1546","PDX","2020-09-14",1,4
"1547","RNO","2020-09-14",1,0
"1548","SEA","2020-09-14",0,6
"1549","FAT","2020-09-15",0,0
"1550","GEG","2020-09-15",1,6
"1551","LAS","2020-09-15",2,3
"1552","PDX","2020-09-15",3,7
"1553","RNO","2020-09-15",0,8
"1554","SEA","2020-09-15",2,4
"1555","FAT","2020-09-16",0,7
"1556","GEG","2020-09-16",1,3
"1557","LAS","2020-09-16",0,5
"1558","PDX","2020-09-16",1,4
"1559","RNO","2020-09-16",2,9
"1560","SEA","2020-09-16",2,7
"1561","FAT","2020-09-17",0,3
"1562","GEG","2020-09-17",0,5
"1563","LAS","2020-09-17",1,6
"1564","PDX","2020-09-17",2,5
"1565","RNO","2020-09-17",0,4
"1566","SEA","2020-09-17",1,3
"1567","FAT","2020-09-18",1,0
"1568","GEG","2020-09-18",2,1
"1569","LAS","2020-09-18",0,5
"1570","PDX","2020-09-18",2,9
"1571","RNO","2020-09-18",1,9
"1572","SEA","2020-09-18",2,0
"1573","FAT","2020-09-19",0,6
"1574","GEG","2020-09-19",2,8
"1575","LAS","2020-09-19",2,8
"1576","PDX","2020-09-19",0,5
"1577","RNO","2020-09-19",0,9
"1578","SEA","2020-09-19",1,9
"1579","FAT","2020-09-20",1,9
"1580","GEG","2020-09-20",2,3
"1581","LAS","2020-09-20",0,5
"1582","PDX","2020-09-20",2,10
"1583","RNO","2020-09-20",0,3
"1584","SEA","2020-09-20",3,5
"1585","FAT","2020-09-21",0,5
"1586","GEG","2020-09-21",1,3
"1587","LAS","2020-09-21",1,7
"1588","PDX","2020-09-21",2,4
"1589","RNO","2020-09-21",0,4
"1590","SEA","2020-09-21",0,8
"1591","FAT","2020-09-22",2,6
"1592","GEG","2020-09-22",1,0
"1593","LAS","2020-09-22",0,7
"1594","PDX","2020-09-22",1,10
"1595","RNO","2020-09-22",1,8
"1596","SEA","2020-09-22",1,5
"1597","FAT","2020-09-23",0,9
"1598","GEG","2020-09-23",1,10
"1599","LAS","2020-09-23",1,5
"1600","PDX","2020-09-23",2,6
"1601","RNO","2020-09-23",0,8
"1602","SEA","2020-09-23",2,3
"1603","FAT","2020-09-24",2,6
"1604","GEG","2020-09-24",0,5
"1605","LAS","2020-09-24",0,6
"1606","PDX","2020-09-24",1,0
"1607","RNO","2020-09-24",2,8
"1608","SEA","2020-09-24",1,5
"1609","FAT","2020-09-25",0,3
"1610","GEG","2020-09-25",2,8
"1611","LAS","2020-09-25",0,0
"1612","PDX","2020-09-25",1,10
"1613","RNO","2020-09-25",0,3
"1614","SEA","2020-09-25",2,8
"1615","FAT","2020-09-26",1,4
"1616","GEG","2020-09-26",1,5
"1617","LAS","2020-09-26",0,3
"1618","PDX","2020-09-26",0,3
"1619","RNO","2020-09-26",2,7
"1620","SEA","2020-09-26",1,5
"1621","FAT","2020-09-27",0,10
"1622","GEG","2020-09-27",1,3
"1623","LAS","2020-09-27",3,6
"1624","PDX","2020-09-27",2,5
"1625","RNO","2020-09-27",0,7
"1626","SEA","2020-09-27",1,4
"1627","FAT","2020-09-28",1,7
"1628","GEG","2020-09-28",2,5
"1629","LAS","2020-09-28",0,6
"1630","PDX","2020-09-28",1,3
"1631","RNO","2020-09-28",2,3
"1632","SEA","2020-09-28",0,8
"1633","FAT","2020-09-29",0,4
"1634","GEG","2020-09-29",1,1
"1635","LAS","2020-09-29",1,8
"1636","PDX","2020-09-29",2,6
"1637","RNO","2020-09-29",0,6
"1638","SEA","2020-09-29",4,4
"1639","FAT","2020-09-30",0,5
"1640","GEG","2020-09-30",1,8
"1641","LAS","2020-09-30",0,3
"1642","PDX","2020-09-30",2,8
"1643","RNO","2020-09-30",2,7
"1644","SEA","2020-09-30",2,6
"1645","FAT","2020-10-01",0,10
"1646","GEG","2020-10-01",0,7
"1647","LAS","2020-10-01",1,4
"1648","PDX","2020-10-01",2,10
"1649","RNO","2020-10-01",0,5
"1650","SEA","2020-10-01",2,7
"1651","AZA_PHX_TUS","2020-01-01",4,13
"1652","AZA_PHX_TUS","2020-01-02",3,18
"1653","AZA_PHX_TUS","2020-01-03",0,17
"1654","AZA_PHX_TUS","2020-01-04",5,9
"1655","AZA_PHX_TUS","2020-01-05",4,14
"1656","AZA_PHX_TUS","2020-01-06",6,17
"1657","AZA_PHX_TUS","2020-01-07",0,12
"1658","AZA_PHX_TUS","2020-01-08",6,20
"1659","AZA_PHX_TUS","2020-01-09",5,8
"1660","AZA_PHX_TUS","2020-01-10",0,16
"1661","AZA_PHX_TUS","2020-01-11",0,23
"1662","AZA_PHX_TUS","2020-01-12",3,23
"1663","AZA_PHX_TUS","2020-01-13",3,21
"1664","AZA_PHX_TUS","2020-01-14",5,15
"1665","AZA_PHX_TUS","2020-01-15",0,19
"1666","AZA_PHX_TUS","2020-01-16",4,16
"1667","AZA_PHX_TUS","2020-01-17",0,21
"1668","AZA_PHX_TUS","2020-01-18",4,14
"1669","AZA_PHX_TUS","2020-01-19",0,16
"1670","AZA_PHX_TUS","2020-01-20",5,18
"1671","AZA_PHX_TUS","2020-01-21",7,20
"1672","AZA_PHX_TUS","2020-01-22",4,19
"1673","AZA_PHX_TUS","2020-01-23",0,14
"1674","AZA_PHX_TUS","2020-01-24",0,12
"1675","AZA_PHX_TUS","2020-01-25",4,16
"1676","AZA_PHX_TUS","2020-01-26",4,17
"1677","AZA_PHX_TUS","2020-01-27",0,23
"1678","AZA_PHX_TUS","2020-01-28",4,23
"1679","AZA_PHX_TUS","2020-01-29",5,19
"1680","AZA_PHX_TUS","2020-01-30",3,18
"1681","AZA_PHX_TUS","2020-01-31",0,15
"1682","AZA_PHX_TUS","2020-02-01",4,19
"1683","AZA_PHX_TUS","2020-02-02",3,12
"1684","AZA_PHX_TUS","2020-02-03",4,21
"1685","AZA_PHX_TUS","2020-02-04",0,14
"1686","AZA_PHX_TUS","2020-02-05",6,14
"1687","AZA_PHX_TUS","2020-02-06",5,6
"1688","AZA_PHX_TUS","2020-02-07",0,18
"1689","AZA_PHX_TUS","2020-02-08",0,15
"1690","AZA_PHX_TUS","2020-02-09",3,18
"1691","AZA_PHX_TUS","2020-02-10",4,7
"1692","AZA_PHX_TUS","2020-02-11",3,20
"1693","AZA_PHX_TUS","2020-02-12",0,19
"1694","AZA_PHX_TUS","2020-02-13",3,22
"1695","AZA_PHX_TUS","2020-02-14",0,14
"1696","AZA_PHX_TUS","2020-02-15",5,11
"1697","AZA_PHX_TUS","2020-02-16",0,16
"1698","AZA_PHX_TUS","2020-02-17",3,23
"1699","AZA_PHX_TUS","2020-02-18",4,17
"1700","AZA_PHX_TUS","2020-02-19",6,23
"1701","AZA_PHX_TUS","2020-02-20",0,21
"1702","AZA_PHX_TUS","2020-02-21",0,16
"1703","AZA_PHX_TUS","2020-02-22",7,15
"1704","AZA_PHX_TUS","2020-02-23",4,15
"1705","AZA_PHX_TUS","2020-02-24",0,13
"1706","AZA_PHX_TUS","2020-02-25",4,23
"1707","AZA_PHX_TUS","2020-02-26",3,8
"1708","AZA_PHX_TUS","2020-02-27",3,13
"1709","AZA_PHX_TUS","2020-02-28",0,22
"1710","AZA_PHX_TUS","2020-02-29",4,16
"1711","AZA_PHX_TUS","2020-03-01",5,18
"1712","AZA_PHX_TUS","2020-03-02",4,17
"1713","AZA_PHX_TUS","2020-03-03",0,18
"1714","AZA_PHX_TUS","2020-03-04",4,12
"1715","AZA_PHX_TUS","2020-03-05",3,20
"1716","AZA_PHX_TUS","2020-03-06",0,18
"1717","AZA_PHX_TUS","2020-03-07",0,19
"1718","AZA_PHX_TUS","2020-03-08",3,15
"1719","AZA_PHX_TUS","2020-03-09",7,15
"1720","AZA_PHX_TUS","2020-03-10",6,18
"1721","AZA_PHX_TUS","2020-03-11",0,18
"1722","AZA_PHX_TUS","2020-03-12",4,20
"1723","AZA_PHX_TUS","2020-03-13",0,17
"1724","AZA_PHX_TUS","2020-03-14",4,14
"1725","AZA_PHX_TUS","2020-03-15",0,9
"1726","AZA_PHX_TUS","2020-03-16",4,12
"1727","AZA_PHX_TUS","2020-03-17",4,24
"1728","AZA_PHX_TUS","2020-03-18",5,14
"1729","AZA_PHX_TUS","2020-03-19",0,19
"1730","AZA_PHX_TUS","2020-03-20",0,23
"1731","AZA_PHX_TUS","2020-03-21",4,21
"1732","AZA_PHX_TUS","2020-03-22",3,17
"1733","AZA_PHX_TUS","2020-03-23",0,15
"1734","AZA_PHX_TUS","2020-03-24",3,21
"1735","AZA_PHX_TUS","2020-03-25",3,17
"1736","AZA_PHX_TUS","2020-03-26",6,16
"1737","AZA_PHX_TUS","2020-03-27",0,21
"1738","AZA_PHX_TUS","2020-03-28",4,8
"1739","AZA_PHX_TUS","2020-03-29",3,18
"1740","AZA_PHX_TUS","2020-03-30",6,22
"1741","AZA_PHX_TUS","2020-03-31",0,19
"1742","AZA_PHX_TUS","2020-04-01",7,18
"1743","AZA_PHX_TUS","2020-04-02",3,21
"1744","AZA_PHX_TUS","2020-04-03",0,19
"1745","AZA_PHX_TUS","2020-04-04",0,21
"1746","AZA_PHX_TUS","2020-04-05",7,15
"1747","AZA_PHX_TUS","2020-04-06",4,12
"1748","AZA_PHX_TUS","2020-04-07",6,21
"1749","AZA_PHX_TUS","2020-04-08",0,19
"1750","AZA_PHX_TUS","2020-04-09",6,17
"1751","AZA_PHX_TUS","2020-04-10",0,19
"1752","AZA_PHX_TUS","2020-04-11",4,18
"1753","AZA_PHX_TUS","2020-04-12",0,18
"1754","AZA_PHX_TUS","2020-04-13",5,17
"1755","AZA_PHX_TUS","2020-04-14",4,14
"1756","AZA_PHX_TUS","2020-04-15",6,13
"1757","AZA_PHX_TUS","2020-04-16",0,18
"1758","AZA_PHX_TUS","2020-04-17",0,21
"1759","AZA_PHX_TUS","2020-04-18",6,10
"1760","AZA_PHX_TUS","2020-04-19",4,19
"1761","AZA_PHX_TUS","2020-04-20",0,12
"1762","AZA_PHX_TUS","2020-04-21",3,18
"1763","AZA_PHX_TUS","2020-04-22",5,22
"1764","AZA_PHX_TUS","2020-04-23",3,22
"1765","AZA_PHX_TUS","2020-04-24",0,18
"1766","AZA_PHX_TUS","2020-04-25",5,14
"1767","AZA_PHX_TUS","2020-04-26",4,20
"1768","AZA_PHX_TUS","2020-04-27",3,18
"1769","AZA_PHX_TUS","2020-04-28",0,19
"1770","AZA_PHX_TUS","2020-04-29",5,16
"1771","AZA_PHX_TUS","2020-04-30",4,16
"1772","AZA_PHX_TUS","2020-05-01",0,15
"1773","AZA_PHX_TUS","2020-05-02",0,20
"1774","AZA_PHX_TUS","2020-05-03",5,17
"1775","AZA_PHX_TUS","2020-05-04",3,14
"1776","AZA_PHX_TUS","2020-05-05",4,15
"1777","AZA_PHX_TUS","2020-05-06",0,16
"1778","AZA_PHX_TUS","2020-05-07",4,12
"1779","AZA_PHX_TUS","2020-05-08",0,15
"1780","AZA_PHX_TUS","2020-05-09",3,16
"1781","AZA_PHX_TUS","2020-05-10",0,22
"1782","AZA_PHX_TUS","2020-05-11",5,8
"1783","AZA_PHX_TUS","2020-05-12",4,16
"1784","AZA_PHX_TUS","2020-05-13",4,16
"1785","AZA_PHX_TUS","2020-05-14",0,17
"1786","AZA_PHX_TUS","2020-05-15",0,8
"1787","AZA_PHX_TUS","2020-05-16",4,13
"1788","AZA_PHX_TUS","2020-05-17",4,19
"1789","AZA_PHX_TUS","2020-05-18",0,16
"1790","AZA_PHX_TUS","2020-05-19",4,17
"1791","AZA_PHX_TUS","2020-05-20",4,14
"1792","AZA_PHX_TUS","2020-05-21",4,15
"1793","AZA_PHX_TUS","2020-05-22",0,21
"1794","AZA_PHX_TUS","2020-05-23",3,21
"1795","AZA_PHX_TUS","2020-05-24",4,13
"1796","AZA_PHX_TUS","2020-05-25",3,13
"1797","AZA_PHX_TUS","2020-05-26",0,14
"1798","AZA_PHX_TUS","2020-05-27",5,17
"1799","AZA_PHX_TUS","2020-05-28",4,20
"1800","AZA_PHX_TUS","2020-05-29",0,18
"1801","AZA_PHX_TUS","2020-05-30",0,13
"1802","AZA_PHX_TUS","2020-05-31",4,18
"1803","AZA_PHX_TUS","2020-06-01",4,17
"1804","AZA_PHX_TUS","2020-06-02",5,16
"1805","AZA_PHX_TUS","2020-06-03",0,17
"1806","AZA_PHX_TUS","2020-06-04",6,16
"1807","AZA_PHX_TUS","2020-06-05",0,19
"1808","AZA_PHX_TUS","2020-06-06",5,18
"1809","AZA_PHX_TUS","2020-06-07",0,13
"1810","AZA_PHX_TUS","2020-06-08",6,10
"1811","AZA_PHX_TUS","2020-06-09",3,19
"1812","AZA_PHX_TUS","2020-06-10",3,21
"1813","AZA_PHX_TUS","2020-06-11",0,13
"1814","AZA_PHX_TUS","2020-06-12",0,17
"1815","AZA_PHX_TUS","2020-06-13",4,16
"1816","AZA_PHX_TUS","2020-06-14",4,22
"1817","AZA_PHX_TUS","2020-06-15",0,14
"1818","AZA_PHX_TUS","2020-06-16",6,15
"1819","AZA_PHX_TUS","2020-06-17",3,16
"1820","AZA_PHX_TUS","2020-06-18",4,24
"1821","AZA_PHX_TUS","2020-06-19",0,14
"1822","AZA_PHX_TUS","2020-06-20",5,18
"1823","AZA_PHX_TUS","2020-06-21",5,17
"1824","AZA_PHX_TUS","2020-06-22",8,19
"1825","AZA_PHX_TUS","2020-06-23",0,23
"1826","AZA_PHX_TUS","2020-06-24",4,19
"1827","AZA_PHX_TUS","2020-06-25",5,17
"1828","AZA_PHX_TUS","2020-06-26",0,10
"1829","AZA_PHX_TUS","2020-06-27",0,17
"1830","AZA_PHX_TUS","2020-06-28",4,13
"1831","AZA_PHX_TUS","2020-06-29",5,17
"1832","AZA_PHX_TUS","2020-06-30",4,20
"1833","AZA_PHX_TUS","2020-07-01",0,23
"1834","AZA_PHX_TUS","2020-07-02",3,12
"1835","AZA_PHX_TUS","2020-07-03",0,15
"1836","AZA_PHX_TUS","2020-07-04",4,23
"1837","AZA_PHX_TUS","2020-07-05",0,18
"1838","AZA_PHX_TUS","2020-07-06",5,17
"1839","AZA_PHX_TUS","2020-07-07",5,15
"1840","AZA_PHX_TUS","2020-07-08",3,23
"1841","AZA_PHX_TUS","2020-07-09",0,11
"1842","AZA_PHX_TUS","2020-07-10",0,14
"1843","AZA_PHX_TUS","2020-07-11",3,12
"1844","AZA_PHX_TUS","2020-07-12",4,11
"1845","AZA_PHX_TUS","2020-07-13",0,19
"1846","AZA_PHX_TUS","2020-07-14",5,11
"1847","AZA_PHX_TUS","2020-07-15",3,1
"1848","AZA_PHX_TUS","2020-07-16",8,20
"1849","AZA_PHX_TUS","2020-07-17",0,22
"1850","AZA_PHX_TUS","2020-07-18",3,19
"1851","AZA_PHX_TUS","2020-07-19",4,15
"1852","AZA_PHX_TUS","2020-07-20",5,19
"1853","AZA_PHX_TUS","2020-07-21",0,16
"1854","AZA_PHX_TUS","2020-07-22",4,20
"1855","AZA_PHX_TUS","2020-07-23",4,21
"1856","AZA_PHX_TUS","2020-07-24",0,11
"1857","AZA_PHX_TUS","2020-07-25",0,21
"1858","AZA_PHX_TUS","2020-07-26",4,24
"1859","AZA_PHX_TUS","2020-07-27",3,10
"1860","AZA_PHX_TUS","2020-07-28",8,9
"1861","AZA_PHX_TUS","2020-07-29",0,18
"1862","AZA_PHX_TUS","2020-07-30",6,20
"1863","AZA_PHX_TUS","2020-07-31",0,16
"1864","AZA_PHX_TUS","2020-08-01",5,15
"1865","AZA_PHX_TUS","2020-08-02",0,16
"1866","AZA_PHX_TUS","2020-08-03",4,15
"1867","AZA_PHX_TUS","2020-08-04",4,19
"1868","AZA_PHX_TUS","2020-08-05",4,15
"1869","AZA_PHX_TUS","2020-08-06",0,21
"1870","AZA_PHX_TUS","2020-08-07",0,12
"1871","AZA_PHX_TUS","2020-08-08",3,13
"1872","AZA_PHX_TUS","2020-08-09",4,15
"1873","AZA_PHX_TUS","2020-08-10",0,21
"1874","AZA_PHX_TUS","2020-08-11",5,13
"1875","AZA_PHX_TUS","2020-08-12",5,18
"1876","AZA_PHX_TUS","2020-08-13",4,16
"1877","AZA_PHX_TUS","2020-08-14",0,16
"1878","AZA_PHX_TUS","2020-08-15",4,22
"1879","AZA_PHX_TUS","2020-08-16",3,16
"1880","AZA_PHX_TUS","2020-08-17",3,9
"1881","AZA_PHX_TUS","2020-08-18",0,17
"1882","AZA_PHX_TUS","2020-08-19",4,12
"1883","AZA_PHX_TUS","2020-08-20",6,16
"1884","AZA_PHX_TUS","2020-08-21",0,17
"1885","AZA_PHX_TUS","2020-08-22",0,19
"1886","AZA_PHX_TUS","2020-08-23",5,14
"1887","AZA_PHX_TUS","2020-08-24",5,17
"1888","AZA_PHX_TUS","2020-08-25",4,17
"1889","AZA_PHX_TUS","2020-08-26",0,17
"1890","AZA_PHX_TUS","2020-08-27",4,9
"1891","AZA_PHX_TUS","2020-08-28",0,11
"1892","AZA_PHX_TUS","2020-08-29",5,14
"1893","AZA_PHX_TUS","2020-08-30",0,9
"1894","AZA_PHX_TUS","2020-08-31",7,10
"1895","AZA_PHX_TUS","2020-09-01",3,14
"1896","AZA_PHX_TUS","2020-09-02",6,16
"1897","AZA_PHX_TUS","2020-09-03",0,24
"1898","AZA_PHX_TUS","2020-09-04",0,17
"1899","AZA_PHX_TUS","2020-09-05",4,11
"1900","AZA_PHX_TUS","2020-09-06",4,12
"1901","AZA_PHX_TUS","2020-09-07",0,17
"1902","AZA_PHX_TUS","2020-09-08",6,16
"1903","AZA_PHX_TUS","2020-09-09",7,25
"1904","AZA_PHX_TUS","2020-09-10",4,15
"1905","AZA_PHX_TUS","2020-09-11",0,11
"1906","AZA_PHX_TUS","2020-09-12",5,16
"1907","AZA_PHX_TUS","2020-09-13",6,19
"1908","AZA_PHX_TUS","2020-09-14",6,19
"1909","AZA_PHX_TUS","2020-09-15",0,16
"1910","AZA_PHX_TUS","2020-09-16",4,16
"1911","AZA_PHX_TUS","2020-09-17",5,16
"1912","AZA_PHX_TUS","2020-09-18",0,17
"1913","AZA_PHX_TUS","2020-09-19",0,23
"1914","AZA_PHX_TUS","2020-09-20",4,19
"1915","AZA_PHX_TUS","2020-09-21",4,20
"1916","AZA_PHX_TUS","2020-09-22",6,15
"1917","AZA_PHX_TUS","2020-09-23",0,13
"1918","AZA_PHX_TUS","2020-09-24",5,16
"1919","AZA_PHX_TUS","2020-09-25",0,17
"1920","AZA_PHX_TUS","2020-09-26",5,18
"1921","AZA_PHX_TUS","2020-09-27",0,20
"1922","AZA_PHX_TUS","2020-09-28",4,17
"1923","AZA_PHX_TUS","2020-09-29",6,17
"1924","AZA_PHX_TUS","2020-09-30",3,17
"1925","AZA_PHX_TUS","2020-10-01",0,13
"1926","BUR_LAX_LGB_ONT_PSP_SAN_SNA","2020-01-01",0,42
"1927","BUR_LAX_LGB_ONT_PSP_SAN_SNA","2020-01-02",12,42
"1928","BUR_LAX_LGB_ONT_PSP_SAN_SNA","2020-01-03",12,44
"1929","BUR_LAX_LGB_ONT_PSP_SAN_SNA","2020-01-04",0,42
"1930","BUR_LAX_LGB_ONT_PSP_SAN_SNA","2020-01-05",10,30
"1931","BUR_LAX_LGB_ONT_PSP_SAN_SNA","2020-01-06",10,33
"1932","BUR_LAX_LGB_ONT_PSP_SAN_SNA","2020-01-07",8,35
"1933","BUR_LAX_LGB_ONT_PSP_SAN_SNA","2020-01-08",0,41
"1934","BUR_LAX_LGB_ONT_PSP_SAN_SNA","2020-01-09",10,39
"1935","BUR_LAX_LGB_ONT_PSP_SAN_SNA","2020-01-10",11,38
"1936","BUR_LAX_LGB_ONT_PSP_SAN_SNA","2020-01-11",12,38
"1937","BUR_LAX_LGB_ONT_PSP_SAN_SNA","2020-01-12",0,50
"1938","BUR_LAX_LGB_ONT_PSP_SAN_SNA","2020-01-13",18,47
"1939","BUR_LAX_LGB_ONT_PSP_SAN_SNA","2020-01-14",14,39
"1940","BUR_LAX_LGB_ONT_PSP_SAN_SNA","2020-01-15",0,38
"1941","BUR_LAX_LGB_ONT_PSP_SAN_SNA","2020-01-16",0,34
"1942","BUR_LAX_LGB_ONT_PSP_SAN_SNA","2020-01-17",10,45
"1943","BUR_LAX_LGB_ONT_PSP_SAN_SNA","2020-01-18",12,44
"1944","BUR_LAX_LGB_ONT_PSP_SAN_SNA","2020-01-19",11,42
"1945","BUR_LAX_LGB_ONT_PSP_SAN_SNA","2020-01-20",0,42
"1946","BUR_LAX_LGB_ONT_PSP_SAN_SNA","2020-01-21",10,41
"1947","BUR_LAX_LGB_ONT_PSP_SAN_SNA","2020-01-22",0,40
"1948","BUR_LAX_LGB_ONT_PSP_SAN_SNA","2020-01-23",12,36
"1949","BUR_LAX_LGB_ONT_PSP_SAN_SNA","2020-01-24",0,45
"1950","BUR_LAX_LGB_ONT_PSP_SAN_SNA","2020-01-25",10,39
"1951","BUR_LAX_LGB_ONT_PSP_SAN_SNA","2020-01-26",11,41
"1952","BUR_LAX_LGB_ONT_PSP_SAN_SNA","2020-01-27",12,55
"1953","BUR_LAX_LGB_ONT_PSP_SAN_SNA","2020-01-28",0,39
"1954","BUR_LAX_LGB_ONT_PSP_SAN_SNA","2020-01-29",0,42
"1955","BUR_LAX_LGB_ONT_PSP_SAN_SNA","2020-01-30",9,27
"1956","BUR_LAX_LGB_ONT_PSP_SAN_SNA","2020-01-31",11,39
"1957","BUR_LAX_LGB_ONT_PSP_SAN_SNA","2020-02-01",0,35
"1958","BUR_LAX_LGB_ONT_PSP_SAN_SNA","2020-02-02",9,50
"1959","BUR_LAX_LGB_ONT_PSP_SAN_SNA","2020-02-03",16,33
"1960","BUR_LAX_LGB_ONT_PSP_SAN_SNA","2020-02-04",10,36
"1961","BUR_LAX_LGB_ONT_PSP_SAN_SNA","2020-02-05",0,42
"1962","BUR_LAX_LGB_ONT_PSP_SAN_SNA","2020-02-06",10,24
"1963","BUR_LAX_LGB_ONT_PSP_SAN_SNA","2020-02-07",12,28
"1964","BUR_LAX_LGB_ONT_PSP_SAN_SNA","2020-02-08",11,34
"1965","BUR_LAX_LGB_ONT_PSP_SAN_SNA","2020-02-09",0,36
"1966","BUR_LAX_LGB_ONT_PSP_SAN_SNA","2020-02-10",11,27
"1967","BUR_LAX_LGB_ONT_PSP_SAN_SNA","2020-02-11",10,42
"1968","BUR_LAX_LGB_ONT_PSP_SAN_SNA","2020-02-12",0,40
"1969","BUR_LAX_LGB_ONT_PSP_SAN_SNA","2020-02-13",0,49
"1970","BUR_LAX_LGB_ONT_PSP_SAN_SNA","2020-02-14",14,50
"1971","BUR_LAX_LGB_ONT_PSP_SAN_SNA","2020-02-15",11,37
"1972","BUR_LAX_LGB_ONT_PSP_SAN_SNA","2020-02-16",8,38
"1973","BUR_LAX_LGB_ONT_PSP_SAN_SNA","2020-02-17",0,37
"1974","BUR_LAX_LGB_ONT_PSP_SAN_SNA","2020-02-18",11,34
"1975","BUR_LAX_LGB_ONT_PSP_SAN_SNA","2020-02-19",0,25
"1976","BUR_LAX_LGB_ONT_PSP_SAN_SNA","2020-02-20",9,37
"1977","BUR_LAX_LGB_ONT_PSP_SAN_SNA","2020-02-21",0,44
"1978","BUR_LAX_LGB_ONT_PSP_SAN_SNA","2020-02-22",14,45
"1979","BUR_LAX_LGB_ONT_PSP_SAN_SNA","2020-02-23",11,41
"1980","BUR_LAX_LGB_ONT_PSP_SAN_SNA","2020-02-24",11,46
"1981","BUR_LAX_LGB_ONT_PSP_SAN_SNA","2020-02-25",0,36
"1982","BUR_LAX_LGB_ONT_PSP_SAN_SNA","2020-02-26",0,48
"1983","BUR_LAX_LGB_ONT_PSP_SAN_SNA","2020-02-27",10,43
"1984","BUR_LAX_LGB_ONT_PSP_SAN_SNA","2020-02-28",12,37
"1985","BUR_LAX_LGB_ONT_PSP_SAN_SNA","2020-02-29",0,26
"1986","BUR_LAX_LGB_ONT_PSP_SAN_SNA","2020-03-01",9,30
"1987","BUR_LAX_LGB_ONT_PSP_SAN_SNA","2020-03-02",10,34
"1988","BUR_LAX_LGB_ONT_PSP_SAN_SNA","2020-03-03",8,38
"1989","BUR_LAX_LGB_ONT_PSP_SAN_SNA","2020-03-04",0,37
"1990","BUR_LAX_LGB_ONT_PSP_SAN_SNA","2020-03-05",9,43
"1991","BUR_LAX_LGB_ONT_PSP_SAN_SNA","2020-03-06",9,39
"1992","BUR_LAX_LGB_ONT_PSP_SAN_SNA","2020-03-07",9,46
"1993","BUR_LAX_LGB_ONT_PSP_SAN_SNA","2020-03-08",0,33
"1994","BUR_LAX_LGB_ONT_PSP_SAN_SNA","2020-03-09",11,30
"1995","BUR_LAX_LGB_ONT_PSP_SAN_SNA","2020-03-10",13,46
"1996","BUR_LAX_LGB_ONT_PSP_SAN_SNA","2020-03-11",0,44
"1997","BUR_LAX_LGB_ONT_PSP_SAN_SNA","2020-03-12",0,40
"1998","BUR_LAX_LGB_ONT_PSP_SAN_SNA","2020-03-13",9,43
"1999","BUR_LAX_LGB_ONT_PSP_SAN_SNA","2020-03-14",10,51
"2000","BUR_LAX_LGB_ONT_PSP_SAN_SNA","2020-03-15",12,28
"2001","BUR_LAX_LGB_ONT_PSP_SAN_SNA","2020-03-16",0,38
"2002","BUR_LAX_LGB_ONT_PSP_SAN_SNA","2020-03-17",10,38
"2003","BUR_LAX_LGB_ONT_PSP_SAN_SNA","2020-03-18",0,36
"2004","BUR_LAX_LGB_ONT_PSP_SAN_SNA","2020-03-19",10,22
"2005","BUR_LAX_LGB_ONT_PSP_SAN_SNA","2020-03-20",0,32
"2006","BUR_LAX_LGB_ONT_PSP_SAN_SNA","2020-03-21",12,50
"2007","BUR_LAX_LGB_ONT_PSP_SAN_SNA","2020-03-22",10,42
"2008","BUR_LAX_LGB_ONT_PSP_SAN_SNA","2020-03-23",15,42
"2009","BUR_LAX_LGB_ONT_PSP_SAN_SNA","2020-03-24",0,43
"2010","BUR_LAX_LGB_ONT_PSP_SAN_SNA","2020-03-25",0,35
"2011","BUR_LAX_LGB_ONT_PSP_SAN_SNA","2020-03-26",9,52
"2012","BUR_LAX_LGB_ONT_PSP_SAN_SNA","2020-03-27",11,35
"2013","BUR_LAX_LGB_ONT_PSP_SAN_SNA","2020-03-28",0,41
"2014","BUR_LAX_LGB_ONT_PSP_SAN_SNA","2020-03-29",10,40
"2015","BUR_LAX_LGB_ONT_PSP_SAN_SNA","2020-03-30",11,41
"2016","BUR_LAX_LGB_ONT_PSP_SAN_SNA","2020-03-31",14,47
"2017","BUR_LAX_LGB_ONT_PSP_SAN_SNA","2020-04-01",0,32
"2018","BUR_LAX_LGB_ONT_PSP_SAN_SNA","2020-04-02",12,36
"2019","BUR_LAX_LGB_ONT_PSP_SAN_SNA","2020-04-03",11,40
"2020","BUR_LAX_LGB_ONT_PSP_SAN_SNA","2020-04-04",13,40
"2021","BUR_LAX_LGB_ONT_PSP_SAN_SNA","2020-04-05",0,31
"2022","BUR_LAX_LGB_ONT_PSP_SAN_SNA","2020-04-06",13,33
"2023","BUR_LAX_LGB_ONT_PSP_SAN_SNA","2020-04-07",9,49
"2024","BUR_LAX_LGB_ONT_PSP_SAN_SNA","2020-04-08",0,42
"2025","BUR_LAX_LGB_ONT_PSP_SAN_SNA","2020-04-09",0,33
"2026","BUR_LAX_LGB_ONT_PSP_SAN_SNA","2020-04-10",12,27
"2027","BUR_LAX_LGB_ONT_PSP_SAN_SNA","2020-04-11",10,32
"2028","BUR_LAX_LGB_ONT_PSP_SAN_SNA","2020-04-12",12,45
"2029","BUR_LAX_LGB_ONT_PSP_SAN_SNA","2020-04-13",0,41
"2030","BUR_LAX_LGB_ONT_PSP_SAN_SNA","2020-04-14",12,35
"2031","BUR_LAX_LGB_ONT_PSP_SAN_SNA","2020-04-15",0,40
"2032","BUR_LAX_LGB_ONT_PSP_SAN_SNA","2020-04-16",13,39
"2033","BUR_LAX_LGB_ONT_PSP_SAN_SNA","2020-04-17",0,27
"2034","BUR_LAX_LGB_ONT_PSP_SAN_SNA","2020-04-18",10,33
"2035","BUR_LAX_LGB_ONT_PSP_SAN_SNA","2020-04-19",9,26
"2036","BUR_LAX_LGB_ONT_PSP_SAN_SNA","2020-04-20",16,49
"2037","BUR_LAX_LGB_ONT_PSP_SAN_SNA","2020-04-21",0,37
"2038","BUR_LAX_LGB_ONT_PSP_SAN_SNA","2020-04-22",0,47
"2039","BUR_LAX_LGB_ONT_PSP_SAN_SNA","2020-04-23",12,31
"2040","BUR_LAX_LGB_ONT_PSP_SAN_SNA","2020-04-24",14,43
"2041","BUR_LAX_LGB_ONT_PSP_SAN_SNA","2020-04-25",0,45
"2042","BUR_LAX_LGB_ONT_PSP_SAN_SNA","2020-04-26",13,43
"2043","BUR_LAX_LGB_ONT_PSP_SAN_SNA","2020-04-27",12,38
"2044","BUR_LAX_LGB_ONT_PSP_SAN_SNA","2020-04-28",8,43
"2045","BUR_LAX_LGB_ONT_PSP_SAN_SNA","2020-04-29",0,43
"2046","BUR_LAX_LGB_ONT_PSP_SAN_SNA","2020-04-30",8,32
"2047","BUR_LAX_LGB_ONT_PSP_SAN_SNA","2020-05-01",12,28
"2048","BUR_LAX_LGB_ONT_PSP_SAN_SNA","2020-05-02",12,35
"2049","BUR_LAX_LGB_ONT_PSP_SAN_SNA","2020-05-03",0,37
"2050","BUR_LAX_LGB_ONT_PSP_SAN_SNA","2020-05-04",12,37
"2051","BUR_LAX_LGB_ONT_PSP_SAN_SNA","2020-05-05",12,38
"2052","BUR_LAX_LGB_ONT_PSP_SAN_SNA","2020-05-06",0,41
"2053","BUR_LAX_LGB_ONT_PSP_SAN_SNA","2020-05-07",0,32
"2054","BUR_LAX_LGB_ONT_PSP_SAN_SNA","2020-05-08",9,39
"2055","BUR_LAX_LGB_ONT_PSP_SAN_SNA","2020-05-09",8,40
"2056","BUR_LAX_LGB_ONT_PSP_SAN_SNA","2020-05-10",12,35
"2057","BUR_LAX_LGB_ONT_PSP_SAN_SNA","2020-05-11",0,34
"2058","BUR_LAX_LGB_ONT_PSP_SAN_SNA","2020-05-12",10,37
"2059","BUR_LAX_LGB_ONT_PSP_SAN_SNA","2020-05-13",0,30
"2060","BUR_LAX_LGB_ONT_PSP_SAN_SNA","2020-05-14",12,38
"2061","BUR_LAX_LGB_ONT_PSP_SAN_SNA","2020-05-15",0,32
"2062","BUR_LAX_LGB_ONT_PSP_SAN_SNA","2020-05-16",13,35
"2063","BUR_LAX_LGB_ONT_PSP_SAN_SNA","2020-05-17",14,40
"2064","BUR_LAX_LGB_ONT_PSP_SAN_SNA","2020-05-18",9,32
"2065","BUR_LAX_LGB_ONT_PSP_SAN_SNA","2020-05-19",0,41
"2066","BUR_LAX_LGB_ONT_PSP_SAN_SNA","2020-05-20",0,40
"2067","BUR_LAX_LGB_ONT_PSP_SAN_SNA","2020-05-21",13,42
"2068","BUR_LAX_LGB_ONT_PSP_SAN_SNA","2020-05-22",13,39
"2069","BUR_LAX_LGB_ONT_PSP_SAN_SNA","2020-05-23",0,49
"2070","BUR_LAX_LGB_ONT_PSP_SAN_SNA","2020-05-24",11,38
"2071","BUR_LAX_LGB_ONT_PSP_SAN_SNA","2020-05-25",11,33
"2072","BUR_LAX_LGB_ONT_PSP_SAN_SNA","2020-05-26",7,36
"2073","BUR_LAX_LGB_ONT_PSP_SAN_SNA","2020-05-27",0,30
"2074","BUR_LAX_LGB_ONT_PSP_SAN_SNA","2020-05-28",8,43
"2075","BUR_LAX_LGB_ONT_PSP_SAN_SNA","2020-05-29",11,37
"2076","BUR_LAX_LGB_ONT_PSP_SAN_SNA","2020-05-30",10,43
"2077","BUR_LAX_LGB_ONT_PSP_SAN_SNA","2020-05-31",0,32
"2078","BUR_LAX_LGB_ONT_PSP_SAN_SNA","2020-06-01",14,44
"2079","BUR_LAX_LGB_ONT_PSP_SAN_SNA","2020-06-02",11,39
"2080","BUR_LAX_LGB_ONT_PSP_SAN_SNA","2020-06-03",0,36
"2081","BUR_LAX_LGB_ONT_PSP_SAN_SNA","2020-06-04",0,41
"2082","BUR_LAX_LGB_ONT_PSP_SAN_SNA","2020-06-05",14,35
"2083","BUR_LAX_LGB_ONT_PSP_SAN_SNA","2020-06-06",12,46
"2084","BUR_LAX_LGB_ONT_PSP_SAN_SNA","2020-06-07",11,34
"2085","BUR_LAX_LGB_ONT_PSP_SAN_SNA","2020-06-08",0,39
"2086","BUR_LAX_LGB_ONT_PSP_SAN_SNA","2020-06-09",10,41
"2087","BUR_LAX_LGB_ONT_PSP_SAN_SNA","2020-06-10",0,39
"2088","BUR_LAX_LGB_ONT_PSP_SAN_SNA","2020-06-11",11,41
"2089","BUR_LAX_LGB_ONT_PSP_SAN_SNA","2020-06-12",0,43
"2090","BUR_LAX_LGB_ONT_PSP_SAN_SNA","2020-06-13",10,39
"2091","BUR_LAX_LGB_ONT_PSP_SAN_SNA","2020-06-14",16,41
"2092","BUR_LAX_LGB_ONT_PSP_SAN_SNA","2020-06-15",9,35
"2093","BUR_LAX_LGB_ONT_PSP_SAN_SNA","2020-06-16",0,39
"2094","BUR_LAX_LGB_ONT_PSP_SAN_SNA","2020-06-17",0,40
"2095","BUR_LAX_LGB_ONT_PSP_SAN_SNA","2020-06-18",10,42
"2096","BUR_LAX_LGB_ONT_PSP_SAN_SNA","2020-06-19",17,37
"2097","BUR_LAX_LGB_ONT_PSP_SAN_SNA","2020-06-20",0,31
"2098","BUR_LAX_LGB_ONT_PSP_SAN_SNA","2020-06-21",16,23
"2099","BUR_LAX_LGB_ONT_PSP_SAN_SNA","2020-06-22",10,36
"2100","BUR_LAX_LGB_ONT_PSP_SAN_SNA","2020-06-23",9,44
"2101","BUR_LAX_LGB_ONT_PSP_SAN_SNA","2020-06-24",0,45
"2102","BUR_LAX_LGB_ONT_PSP_SAN_SNA","2020-06-25",8,42
"2103","BUR_LAX_LGB_ONT_PSP_SAN_SNA","2020-06-26",12,41
"2104","BUR_LAX_LGB_ONT_PSP_SAN_SNA","2020-06-27",8,30
"2105","BUR_LAX_LGB_ONT_PSP_SAN_SNA","2020-06-28",0,37
"2106","BUR_LAX_LGB_ONT_PSP_SAN_SNA","2020-06-29",13,33
"2107","BUR_LAX_LGB_ONT_PSP_SAN_SNA","2020-06-30",13,32
"2108","BUR_LAX_LGB_ONT_PSP_SAN_SNA","2020-07-01",0,38
"2109","BUR_LAX_LGB_ONT_PSP_SAN_SNA","2020-07-02",0,46
"2110","BUR_LAX_LGB_ONT_PSP_SAN_SNA","2020-07-03",11,44
"2111","BUR_LAX_LGB_ONT_PSP_SAN_SNA","2020-07-04",10,32
"2112","BUR_LAX_LGB_ONT_PSP_SAN_SNA","2020-07-05",11,50
"2113","BUR_LAX_LGB_ONT_PSP_SAN_SNA","2020-07-06",0,43
"2114","BUR_LAX_LGB_ONT_PSP_SAN_SNA","2020-07-07",9,41
"2115","BUR_LAX_LGB_ONT_PSP_SAN_SNA","2020-07-08",0,51
"2116","BUR_LAX_LGB_ONT_PSP_SAN_SNA","2020-07-09",11,38
"2117","BUR_LAX_LGB_ONT_PSP_SAN_SNA","2020-07-10",0,38
"2118","BUR_LAX_LGB_ONT_PSP_SAN_SNA","2020-07-11",11,49
"2119","BUR_LAX_LGB_ONT_PSP_SAN_SNA","2020-07-12",7,30
"2120","BUR_LAX_LGB_ONT_PSP_SAN_SNA","2020-07-13",17,41
"2121","BUR_LAX_LGB_ONT_PSP_SAN_SNA","2020-07-14",0,43
"2122","BUR_LAX_LGB_ONT_PSP_SAN_SNA","2020-07-15",0,36
"2123","BUR_LAX_LGB_ONT_PSP_SAN_SNA","2020-07-16",13,44
"2124","BUR_LAX_LGB_ONT_PSP_SAN_SNA","2020-07-17",10,36
"2125","BUR_LAX_LGB_ONT_PSP_SAN_SNA","2020-07-18",0,46
"2126","BUR_LAX_LGB_ONT_PSP_SAN_SNA","2020-07-19",11,35
"2127","BUR_LAX_LGB_ONT_PSP_SAN_SNA","2020-07-20",11,43
"2128","BUR_LAX_LGB_ONT_PSP_SAN_SNA","2020-07-21",12,40
"2129","BUR_LAX_LGB_ONT_PSP_SAN_SNA","2020-07-22",0,37
"2130","BUR_LAX_LGB_ONT_PSP_SAN_SNA","2020-07-23",12,30
"2131","BUR_LAX_LGB_ONT_PSP_SAN_SNA","2020-07-24",9,32
"2132","BUR_LAX_LGB_ONT_PSP_SAN_SNA","2020-07-25",10,39
"2133","BUR_LAX_LGB_ONT_PSP_SAN_SNA","2020-07-26",0,40
"2134","BUR_LAX_LGB_ONT_PSP_SAN_SNA","2020-07-27",9,36
"2135","BUR_LAX_LGB_ONT_PSP_SAN_SNA","2020-07-28",12,35
"2136","BUR_LAX_LGB_ONT_PSP_SAN_SNA","2020-07-29",0,33
"2137","BUR_LAX_LGB_ONT_PSP_SAN_SNA","2020-07-30",0,30
"2138","BUR_LAX_LGB_ONT_PSP_SAN_SNA","2020-07-31",9,39
"2139","BUR_LAX_LGB_ONT_PSP_SAN_SNA","2020-08-01",15,37
"2140","BUR_LAX_LGB_ONT_PSP_SAN_SNA","2020-08-02",10,45
"2141","BUR_LAX_LGB_ONT_PSP_SAN_SNA","2020-08-03",0,33
"2142","BUR_LAX_LGB_ONT_PSP_SAN_SNA","2020-08-04",14,40
"2143","BUR_LAX_LGB_ONT_PSP_SAN_SNA","2020-08-05",0,45
"2144","BUR_LAX_LGB_ONT_PSP_SAN_SNA","2020-08-06",11,49
"2145","BUR_LAX_LGB_ONT_PSP_SAN_SNA","2020-08-07",0,33
"2146","BUR_LAX_LGB_ONT_PSP_SAN_SNA","2020-08-08",14,41
"2147","BUR_LAX_LGB_ONT_PSP_SAN_SNA","2020-08-09",7,43
"2148","BUR_LAX_LGB_ONT_PSP_SAN_SNA","2020-08-10",8,45
"2149","BUR_LAX_LGB_ONT_PSP_SAN_SNA","2020-08-11",0,45
"2150","BUR_LAX_LGB_ONT_PSP_SAN_SNA","2020-08-12",0,41
"2151","BUR_LAX_LGB_ONT_PSP_SAN_SNA","2020-08-13",9,38
"2152","BUR_LAX_LGB_ONT_PSP_SAN_SNA","2020-08-14",10,42
"2153","BUR_LAX_LGB_ONT_PSP_SAN_SNA","2020-08-15",0,44
"2154","BUR_LAX_LGB_ONT_PSP_SAN_SNA","2020-08-16",14,52
"2155","BUR_LAX_LGB_ONT_PSP_SAN_SNA","2020-08-17",7,34
"2156","BUR_LAX_LGB_ONT_PSP_SAN_SNA","2020-08-18",9,40
"2157","BUR_LAX_LGB_ONT_PSP_SAN_SNA","2020-08-19",0,29
"2158","BUR_LAX_LGB_ONT_PSP_SAN_SNA","2020-08-20",10,29
"2159","BUR_LAX_LGB_ONT_PSP_SAN_SNA","2020-08-21",9,44
"2160","BUR_LAX_LGB_ONT_PSP_SAN_SNA","2020-08-22",13,40
"2161","BUR_LAX_LGB_ONT_PSP_SAN_SNA","2020-08-23",0,44
"2162","BUR_LAX_LGB_ONT_PSP_SAN_SNA","2020-08-24",11,51
"2163","BUR_LAX_LGB_ONT_PSP_SAN_SNA","2020-08-25",13,36
"2164","BUR_LAX_LGB_ONT_PSP_SAN_SNA","2020-08-26",0,25
"2165","BUR_LAX_LGB_ONT_PSP_SAN_SNA","2020-08-27",0,44
"2166","BUR_LAX_LGB_ONT_PSP_SAN_SNA","2020-08-28",10,42
"2167","BUR_LAX_LGB_ONT_PSP_SAN_SNA","2020-08-29",11,35
"2168","BUR_LAX_LGB_ONT_PSP_SAN_SNA","2020-08-30",9,41
"2169","BUR_LAX_LGB_ONT_PSP_SAN_SNA","2020-08-31",0,45
"2170","BUR_LAX_LGB_ONT_PSP_SAN_SNA","2020-09-01",10,36
"2171","BUR_LAX_LGB_ONT_PSP_SAN_SNA","2020-09-02",0,38
"2172","BUR_LAX_LGB_ONT_PSP_SAN_SNA","2020-09-03",11,41
"2173","BUR_LAX_LGB_ONT_PSP_SAN_SNA","2020-09-04",0,51
"2174","BUR_LAX_LGB_ONT_PSP_SAN_SNA","2020-09-05",11,40
"2175","BUR_LAX_LGB_ONT_PSP_SAN_SNA","2020-09-06",9,33
"2176","BUR_LAX_LGB_ONT_PSP_SAN_SNA","2020-09-07",8,32
"2177","BUR_LAX_LGB_ONT_PSP_SAN_SNA","2020-09-08",0,36
"2178","BUR_LAX_LGB_ONT_PSP_SAN_SNA","2020-09-09",0,32
"2179","BUR_LAX_LGB_ONT_PSP_SAN_SNA","2020-09-10",8,48
"2180","BUR_LAX_LGB_ONT_PSP_SAN_SNA","2020-09-11",13,36
"2181","BUR_LAX_LGB_ONT_PSP_SAN_SNA","2020-09-12",0,37
"2182","BUR_LAX_LGB_ONT_PSP_SAN_SNA","2020-09-13",14,37
"2183","BUR_LAX_LGB_ONT_PSP_SAN_SNA","2020-09-14",12,36
"2184","BUR_LAX_LGB_ONT_PSP_SAN_SNA","2020-09-15",11,39
"2185","BUR_LAX_LGB_ONT_PSP_SAN_SNA","2020-09-16",0,39
"2186","BUR_LAX_LGB_ONT_PSP_SAN_SNA","2020-09-17",11,39
"2187","BUR_LAX_LGB_ONT_PSP_SAN_SNA","2020-09-18",10,43
"2188","BUR_LAX_LGB_ONT_PSP_SAN_SNA","2020-09-19",14,26
"2189","BUR_LAX_LGB_ONT_PSP_SAN_SNA","2020-09-20",0,41
"2190","BUR_LAX_LGB_ONT_PSP_SAN_SNA","2020-09-21",12,34
"2191","BUR_LAX_LGB_ONT_PSP_SAN_SNA","2020-09-22",11,51
"2192","BUR_LAX_LGB_ONT_PSP_SAN_SNA","2020-09-23",0,38
"2193","BUR_LAX_LGB_ONT_PSP_SAN_SNA","2020-09-24",0,38
"2194","BUR_LAX_LGB_ONT_PSP_SAN_SNA","2020-09-25",8,31
"2195","BUR_LAX_LGB_ONT_PSP_SAN_SNA","2020-09-26",11,40
"2196","BUR_LAX_LGB_ONT_PSP_SAN_SNA","2020-09-27",7,40
"2197","BUR_LAX_LGB_ONT_PSP_SAN_SNA","2020-09-28",0,34
"2198","BUR_LAX_LGB_ONT_PSP_SAN_SNA","2020-09-29",11,47
"2199","BUR_LAX_LGB_ONT_PSP_SAN_SNA","2020-09-30",0,38
"2200","BUR_LAX_LGB_ONT_PSP_SAN_SNA","2020-10-01",13,41
"2201","OAK_SFO_SJC_SMF","2020-01-01",0,19
"2202","OAK_SFO_SJC_SMF","2020-01-02",7,23
"2203","OAK_SFO_SJC_SMF","2020-01-03",6,29
"2204","OAK_SFO_SJC_SMF","2020-01-04",8,25
"2205","OAK_SFO_SJC_SMF","2020-01-05",0,14
"2206","OAK_SFO_SJC_SMF","2020-01-06",0,31
"2207","OAK_SFO_SJC_SMF","2020-01-07",6,26
"2208","OAK_SFO_SJC_SMF","2020-01-08",6,20
"2209","OAK_SFO_SJC_SMF","2020-01-09",0,27
"2210","OAK_SFO_SJC_SMF","2020-01-10",5,30
"2211","OAK_SFO_SJC_SMF","2020-01-11",5,18
"2212","OAK_SFO_SJC_SMF","2020-01-12",6,25
"2213","OAK_SFO_SJC_SMF","2020-01-13",0,18
"2214","OAK_SFO_SJC_SMF","2020-01-14",5,17
"2215","OAK_SFO_SJC_SMF","2020-01-15",7,23
"2216","OAK_SFO_SJC_SMF","2020-01-16",7,24
"2217","OAK_SFO_SJC_SMF","2020-01-17",0,23
"2218","OAK_SFO_SJC_SMF","2020-01-18",5,24
"2219","OAK_SFO_SJC_SMF","2020-01-19",5,25
"2220","OAK_SFO_SJC_SMF","2020-01-20",0,26
"2221","OAK_SFO_SJC_SMF","2020-01-21",0,26
"2222","OAK_SFO_SJC_SMF","2020-01-22",6,32
"2223","OAK_SFO_SJC_SMF","2020-01-23",8,26
"2224","OAK_SFO_SJC_SMF","2020-01-24",5,17
"2225","OAK_SFO_SJC_SMF","2020-01-25",0,23
"2226","OAK_SFO_SJC_SMF","2020-01-26",6,30
"2227","OAK_SFO_SJC_SMF","2020-01-27",0,21
"2228","OAK_SFO_SJC_SMF","2020-01-28",4,28
"2229","OAK_SFO_SJC_SMF","2020-01-29",0,16
"2230","OAK_SFO_SJC_SMF","2020-01-30",6,19
"2231","OAK_SFO_SJC_SMF","2020-01-31",7,20
"2232","OAK_SFO_SJC_SMF","2020-02-01",5,11
"2233","OAK_SFO_SJC_SMF","2020-02-02",0,29
"2234","OAK_SFO_SJC_SMF","2020-02-03",0,24
"2235","OAK_SFO_SJC_SMF","2020-02-04",5,21
"2236","OAK_SFO_SJC_SMF","2020-02-05",7,27
"2237","OAK_SFO_SJC_SMF","2020-02-06",0,29
"2238","OAK_SFO_SJC_SMF","2020-02-07",5,23
"2239","OAK_SFO_SJC_SMF","2020-02-08",5,28
"2240","OAK_SFO_SJC_SMF","2020-02-09",4,22
"2241","OAK_SFO_SJC_SMF","2020-02-10",0,17
"2242","OAK_SFO_SJC_SMF","2020-02-11",7,16
"2243","OAK_SFO_SJC_SMF","2020-02-12",7,26
"2244","OAK_SFO_SJC_SMF","2020-02-13",5,18
"2245","OAK_SFO_SJC_SMF","2020-02-14",0,18
"2246","OAK_SFO_SJC_SMF","2020-02-15",7,20
"2247","OAK_SFO_SJC_SMF","2020-02-16",6,25
"2248","OAK_SFO_SJC_SMF","2020-02-17",0,19
"2249","OAK_SFO_SJC_SMF","2020-02-18",0,23
"2250","OAK_SFO_SJC_SMF","2020-02-19",5,27
"2251","OAK_SFO_SJC_SMF","2020-02-20",6,20
"2252","OAK_SFO_SJC_SMF","2020-02-21",7,28
"2253","OAK_SFO_SJC_SMF","2020-02-22",0,24
"2254","OAK_SFO_SJC_SMF","2020-02-23",6,21
"2255","OAK_SFO_SJC_SMF","2020-02-24",0,20
"2256","OAK_SFO_SJC_SMF","2020-02-25",6,21
"2257","OAK_SFO_SJC_SMF","2020-02-26",0,22
"2258","OAK_SFO_SJC_SMF","2020-02-27",8,25
"2259","OAK_SFO_SJC_SMF","2020-02-28",6,20
"2260","OAK_SFO_SJC_SMF","2020-02-29",7,27
"2261","OAK_SFO_SJC_SMF","2020-03-01",0,21
"2262","OAK_SFO_SJC_SMF","2020-03-02",0,30
"2263","OAK_SFO_SJC_SMF","2020-03-03",7,28
"2264","OAK_SFO_SJC_SMF","2020-03-04",7,30
"2265","OAK_SFO_SJC_SMF","2020-03-05",0,26
"2266","OAK_SFO_SJC_SMF","2020-03-06",5,25
"2267","OAK_SFO_SJC_SMF","2020-03-07",8,15
"2268","OAK_SFO_SJC_SMF","2020-03-08",6,30
"2269","OAK_SFO_SJC_SMF","2020-03-09",0,30
"2270","OAK_SFO_SJC_SMF","2020-03-10",8,22
"2271","OAK_SFO_SJC_SMF","2020-03-11",8,28
"2272","OAK_SFO_SJC_SMF","2020-03-12",7,20
"2273","OAK_SFO_SJC_SMF","2020-03-13",0,26
"2274","OAK_SFO_SJC_SMF","2020-03-14",4,24
"2275","OAK_SFO_SJC_SMF","2020-03-15",8,15
"2276","OAK_SFO_SJC_SMF","2020-03-16",0,21
"2277","OAK_SFO_SJC_SMF","2020-03-17",0,30
"2278","OAK_SFO_SJC_SMF","2020-03-18",7,21
"2279","OAK_SFO_SJC_SMF","2020-03-19",7,33
"2280","OAK_SFO_SJC_SMF","2020-03-20",8,29
"2281","OAK_SFO_SJC_SMF","2020-03-21",0,17
"2282","OAK_SFO_SJC_SMF","2020-03-22",7,20
"2283","OAK_SFO_SJC_SMF","2020-03-23",0,19
"2284","OAK_SFO_SJC_SMF","2020-03-24",6,22
"2285","OAK_SFO_SJC_SMF","2020-03-25",0,21
"2286","OAK_SFO_SJC_SMF","2020-03-26",6,28
"2287","OAK_SFO_SJC_SMF","2020-03-27",4,29
"2288","OAK_SFO_SJC_SMF","2020-03-28",8,23
"2289","OAK_SFO_SJC_SMF","2020-03-29",0,18
"2290","OAK_SFO_SJC_SMF","2020-03-30",0,20
"2291","OAK_SFO_SJC_SMF","2020-03-31",5,16
"2292","OAK_SFO_SJC_SMF","2020-04-01",5,20
"2293","OAK_SFO_SJC_SMF","2020-04-02",0,21
"2294","OAK_SFO_SJC_SMF","2020-04-03",7,23
"2295","OAK_SFO_SJC_SMF","2020-04-04",6,26
"2296","OAK_SFO_SJC_SMF","2020-04-05",6,20
"2297","OAK_SFO_SJC_SMF","2020-04-06",0,26
"2298","OAK_SFO_SJC_SMF","2020-04-07",4,20
"2299","OAK_SFO_SJC_SMF","2020-04-08",6,23
"2300","OAK_SFO_SJC_SMF","2020-04-09",6,13
"2301","OAK_SFO_SJC_SMF","2020-04-10",0,23
"2302","OAK_SFO_SJC_SMF","2020-04-11",6,27
"2303","OAK_SFO_SJC_SMF","2020-04-12",5,17
"2304","OAK_SFO_SJC_SMF","2020-04-13",0,28
"2305","OAK_SFO_SJC_SMF","2020-04-14",0,22
"2306","OAK_SFO_SJC_SMF","2020-04-15",6,13
"2307","OAK_SFO_SJC_SMF","2020-04-16",7,20
"2308","OAK_SFO_SJC_SMF","2020-04-17",8,27
"2309","OAK_SFO_SJC_SMF","2020-04-18",0,27
"2310","OAK_SFO_SJC_SMF","2020-04-19",5,19
"2311","OAK_SFO_SJC_SMF","2020-04-20",0,24
"2312","OAK_SFO_SJC_SMF","2020-04-21",5,15
"2313","OAK_SFO_SJC_SMF","2020-04-22",0,27
"2314","OAK_SFO_SJC_SMF","2020-04-23",5,15
"2315","OAK_SFO_SJC_SMF","2020-04-24",9,21
"2316","OAK_SFO_SJC_SMF","2020-04-25",5,27
"2317","OAK_SFO_SJC_SMF","2020-04-26",0,16
"2318","OAK_SFO_SJC_SMF","2020-04-27",0,25
"2319","OAK_SFO_SJC_SMF","2020-04-28",5,16
"2320","OAK_SFO_SJC_SMF","2020-04-29",7,16
"2321","OAK_SFO_SJC_SMF","2020-04-30",0,15
"2322","OAK_SFO_SJC_SMF","2020-05-01",4,20
"2323","OAK_SFO_SJC_SMF","2020-05-02",4,18
"2324","OAK_SFO_SJC_SMF","2020-05-03",5,13
"2325","OAK_SFO_SJC_SMF","2020-05-04",0,17
"2326","OAK_SFO_SJC_SMF","2020-05-05",8,22
"2327","OAK_SFO_SJC_SMF","2020-05-06",8,13
"2328","OAK_SFO_SJC_SMF","2020-05-07",4,24
"2329","OAK_SFO_SJC_SMF","2020-05-08",0,28
"2330","OAK_SFO_SJC_SMF","2020-05-09",6,18
"2331","OAK_SFO_SJC_SMF","2020-05-10",4,23
"2332","OAK_SFO_SJC_SMF","2020-05-11",0,17
"2333","OAK_SFO_SJC_SMF","2020-05-12",0,12
"2334","OAK_SFO_SJC_SMF","2020-05-13",9,21
"2335","OAK_SFO_SJC_SMF","2020-05-14",6,19
"2336","OAK_SFO_SJC_SMF","2020-05-15",4,14
"2337","OAK_SFO_SJC_SMF","2020-05-16",0,21
"2338","OAK_SFO_SJC_SMF","2020-05-17",7,21
"2339","OAK_SFO_SJC_SMF","2020-05-18",0,23
"2340","OAK_SFO_SJC_SMF","2020-05-19",6,23
"2341","OAK_SFO_SJC_SMF","2020-05-20",0,25
"2342","OAK_SFO_SJC_SMF","2020-05-21",6,26
"2343","OAK_SFO_SJC_SMF","2020-05-22",6,18
"2344","OAK_SFO_SJC_SMF","2020-05-23",5,20
"2345","OAK_SFO_SJC_SMF","2020-05-24",0,21
"2346","OAK_SFO_SJC_SMF","2020-05-25",0,28
"2347","OAK_SFO_SJC_SMF","2020-05-26",7,15
"2348","OAK_SFO_SJC_SMF","2020-05-27",10,20
"2349","OAK_SFO_SJC_SMF","2020-05-28",0,18
"2350","OAK_SFO_SJC_SMF","2020-05-29",6,26
"2351","OAK_SFO_SJC_SMF","2020-05-30",4,17
"2352","OAK_SFO_SJC_SMF","2020-05-31",9,25
"2353","OAK_SFO_SJC_SMF","2020-06-01",0,21
"2354","OAK_SFO_SJC_SMF","2020-06-02",8,19
"2355","OAK_SFO_SJC_SMF","2020-06-03",8,18
"2356","OAK_SFO_SJC_SMF","2020-06-04",8,24
"2357","OAK_SFO_SJC_SMF","2020-06-05",0,27
"2358","OAK_SFO_SJC_SMF","2020-06-06",5,20
"2359","OAK_SFO_SJC_SMF","2020-06-07",5,16
"2360","OAK_SFO_SJC_SMF","2020-06-08",0,25
"2361","OAK_SFO_SJC_SMF","2020-06-09",0,18
"2362","OAK_SFO_SJC_SMF","2020-06-10",7,25
"2363","OAK_SFO_SJC_SMF","2020-06-11",5,25
"2364","OAK_SFO_SJC_SMF","2020-06-12",6,17
"2365","OAK_SFO_SJC_SMF","2020-06-13",0,21
"2366","OAK_SFO_SJC_SMF","2020-06-14",5,16
"2367","OAK_SFO_SJC_SMF","2020-06-15",0,34
"2368","OAK_SFO_SJC_SMF","2020-06-16",5,19
"2369","OAK_SFO_SJC_SMF","2020-06-17",0,26
"2370","OAK_SFO_SJC_SMF","2020-06-18",10,21
"2371","OAK_SFO_SJC_SMF","2020-06-19",4,23
"2372","OAK_SFO_SJC_SMF","2020-06-20",8,17
"2373","OAK_SFO_SJC_SMF","2020-06-21",0,16
"2374","OAK_SFO_SJC_SMF","2020-06-22",0,28
"2375","OAK_SFO_SJC_SMF","2020-06-23",5,27
"2376","OAK_SFO_SJC_SMF","2020-06-24",7,21
"2377","OAK_SFO_SJC_SMF","2020-06-25",0,16
"2378","OAK_SFO_SJC_SMF","2020-06-26",7,17
"2379","OAK_SFO_SJC_SMF","2020-06-27",7,26
"2380","OAK_SFO_SJC_SMF","2020-06-28",5,24
"2381","OAK_SFO_SJC_SMF","2020-06-29",0,21
"2382","OAK_SFO_SJC_SMF","2020-06-30",6,19
"2383","OAK_SFO_SJC_SMF","2020-07-01",4,19
"2384","OAK_SFO_SJC_SMF","2020-07-02",8,17
"2385","OAK_SFO_SJC_SMF","2020-07-03",0,26
"2386","OAK_SFO_SJC_SMF","2020-07-04",7,14
"2387","OAK_SFO_SJC_SMF","2020-07-05",8,19
"2388","OAK_SFO_SJC_SMF","2020-07-06",0,28
"2389","OAK_SFO_SJC_SMF","2020-07-07",0,29
"2390","OAK_SFO_SJC_SMF","2020-07-08",6,18
"2391","OAK_SFO_SJC_SMF","2020-07-09",6,31
"2392","OAK_SFO_SJC_SMF","2020-07-10",6,26
"2393","OAK_SFO_SJC_SMF","2020-07-11",0,24
"2394","OAK_SFO_SJC_SMF","2020-07-12",6,16
"2395","OAK_SFO_SJC_SMF","2020-07-13",0,25
"2396","OAK_SFO_SJC_SMF","2020-07-14",6,21
"2397","OAK_SFO_SJC_SMF","2020-07-15",0,22
"2398","OAK_SFO_SJC_SMF","2020-07-16",6,28
"2399","OAK_SFO_SJC_SMF","2020-07-17",7,12
"2400","OAK_SFO_SJC_SMF","2020-07-18",8,28
"2401","OAK_SFO_SJC_SMF","2020-07-19",0,29
"2402","OAK_SFO_SJC_SMF","2020-07-20",0,10
"2403","OAK_SFO_SJC_SMF","2020-07-21",6,29
"2404","OAK_SFO_SJC_SMF","2020-07-22",5,20
"2405","OAK_SFO_SJC_SMF","2020-07-23",0,22
"2406","OAK_SFO_SJC_SMF","2020-07-24",5,28
"2407","OAK_SFO_SJC_SMF","2020-07-25",6,17
"2408","OAK_SFO_SJC_SMF","2020-07-26",6,27
"2409","OAK_SFO_SJC_SMF","2020-07-27",0,19
"2410","OAK_SFO_SJC_SMF","2020-07-28",7,17
"2411","OAK_SFO_SJC_SMF","2020-07-29",6,14
"2412","OAK_SFO_SJC_SMF","2020-07-30",5,16
"2413","OAK_SFO_SJC_SMF","2020-07-31",0,22
"2414","OAK_SFO_SJC_SMF","2020-08-01",7,34
"2415","OAK_SFO_SJC_SMF","2020-08-02",9,18
"2416","OAK_SFO_SJC_SMF","2020-08-03",0,22
"2417","OAK_SFO_SJC_SMF","2020-08-04",0,22
"2418","OAK_SFO_SJC_SMF","2020-08-05",5,19
"2419","OAK_SFO_SJC_SMF","2020-08-06",7,17
"2420","OAK_SFO_SJC_SMF","2020-08-07",4,27
"2421","OAK_SFO_SJC_SMF","2020-08-08",0,7
"2422","OAK_SFO_SJC_SMF","2020-08-09",5,24
"2423","OAK_SFO_SJC_SMF","2020-08-10",0,26
"2424","OAK_SFO_SJC_SMF","2020-08-11",5,18
"2425","OAK_SFO_SJC_SMF","2020-08-12",0,22
"2426","OAK_SFO_SJC_SMF","2020-08-13",8,23
"2427","OAK_SFO_SJC_SMF","2020-08-14",4,19
"2428","OAK_SFO_SJC_SMF","2020-08-15",6,21
"2429","OAK_SFO_SJC_SMF","2020-08-16",0,21
"2430","OAK_SFO_SJC_SMF","2020-08-17",0,20
"2431","OAK_SFO_SJC_SMF","2020-08-18",7,18
"2432","OAK_SFO_SJC_SMF","2020-08-19",6,23
"2433","OAK_SFO_SJC_SMF","2020-08-20",0,22
"2434","OAK_SFO_SJC_SMF","2020-08-21",5,21
"2435","OAK_SFO_SJC_SMF","2020-08-22",6,8
"2436","OAK_SFO_SJC_SMF","2020-08-23",8,18
"2437","OAK_SFO_SJC_SMF","2020-08-24",0,18
"2438","OAK_SFO_SJC_SMF","2020-08-25",6,21
"2439","OAK_SFO_SJC_SMF","2020-08-26",5,14
"2440","OAK_SFO_SJC_SMF","2020-08-27",6,21
"2441","OAK_SFO_SJC_SMF","2020-08-28",0,30
"2442","OAK_SFO_SJC_SMF","2020-08-29",7,19
"2443","OAK_SFO_SJC_SMF","2020-08-30",6,32
"2444","OAK_SFO_SJC_SMF","2020-08-31",0,26
"2445","OAK_SFO_SJC_SMF","2020-09-01",0,13
"2446","OAK_SFO_SJC_SMF","2020-09-02",6,17
"2447","OAK_SFO_SJC_SMF","2020-09-03",7,20
"2448","OAK_SFO_SJC_SMF","2020-09-04",5,14
"2449","OAK_SFO_SJC_SMF","2020-09-05",0,17
"2450","OAK_SFO_SJC_SMF","2020-09-06",5,19
"2451","OAK_SFO_SJC_SMF","2020-09-07",0,23
"2452","OAK_SFO_SJC_SMF","2020-09-08",8,26
"2453","OAK_SFO_SJC_SMF","2020-09-09",0,22
"2454","OAK_SFO_SJC_SMF","2020-09-10",4,22
"2455","OAK_SFO_SJC_SMF","2020-09-11",4,22
"2456","OAK_SFO_SJC_SMF","2020-09-12",7,20
"2457","OAK_SFO_SJC_SMF","2020-09-13",0,23
"2458","OAK_SFO_SJC_SMF","2020-09-14",0,18
"2459","OAK_SFO_SJC_SMF","2020-09-15",6,15
"2460","OAK_SFO_SJC_SMF","2020-09-16",7,23
"2461","OAK_SFO_SJC_SMF","2020-09-17",0,28
"2462","OAK_SFO_SJC_SMF","2020-09-18",5,17
"2463","OAK_SFO_SJC_SMF","2020-09-19",6,14
"2464","OAK_SFO_SJC_SMF","2020-09-20",7,25
"2465","OAK_SFO_SJC_SMF","2020-09-21",0,17
"2466","OAK_SFO_SJC_SMF","2020-09-22",7,19
"2467","OAK_SFO_SJC_SMF","2020-09-23",5,13
"2468","OAK_SFO_SJC_SMF","2020-09-24",7,22
"2469","OAK_SFO_SJC_SMF","2020-09-25",0,25
"2470","OAK_SFO_SJC_SMF","2020-09-26",5,21
"2471","OAK_SFO_SJC_SMF","2020-09-27",5,23
"2472","OAK_SFO_SJC_SMF","2020-09-28",0,23
"2473","OAK_SFO_SJC_SMF","2020-09-29",0,18
"2474","OAK_SFO_SJC_SMF","2020-09-30",5,24
"2475","OAK_SFO_SJC_SMF","2020-10-01",8,25
