GEO_ID,STATE,COUNTY,NAME.x,LSAD,CENSUSAREA,COUNTYFP,STATEFP,GEOID,NAME.y,variable,estimate,moe,id
0500000US11001,11,001,District of Columbia,NA,61.048,001,11,11001,"District of Columbia, District of Columbia",B01003_001,584400,NA,DC
0500000US10001,10,001,Kent,County,586.179,001,10,10001,"Kent County, Delaware",B01003_001,156918,NA,DE
0500000US10003,10,003,New Castle,County,426.286,003,10,10003,"New Castle County, Delaware",B01003_001,533514,NA,DE
0500000US10005,10,005,Sussex,County,936.079,005,10,10005,"Sussex County, Delaware",B01003_001,190846,NA,DE
0500000US24001,24,001,Allegany,County,424.158,001,24,24001,"Allegany County, Maryland",B01003_001,74638,NA,MD
0500000US24003,24,003,Anne Arundel,County,414.902,003,24,24003,"Anne Arundel County, Maryland",B01003_001,527020,NA,MD
0500000US24005,24,005,Baltimore,County,598.302,005,24,24005,"Baltimore County, Maryland",B01003_001,799195,NA,MD
0500000US24009,24,009,Calvert,County,213.152,009,24,24009,"Calvert County, Maryland",B01003_001,87891,NA,MD
0500000US24011,24,011,Caroline,County,319.419,011,24,24011,"Caroline County, Maryland",B01003_001,32805,NA,MD
0500000US24013,24,013,Carroll,County,447.595,013,24,24013,"Carroll County, Maryland",B01003_001,167208,NA,MD
0500000US24015,24,015,Cecil,County,346.273,015,24,24015,"Cecil County, Maryland",B01003_001,100139,NA,MD
0500000US24017,24,017,Charles,County,457.749,017,24,24017,"Charles County, Maryland",B01003_001,143912,NA,MD
0500000US24019,24,019,Dorchester,County,540.765,019,24,24019,"Dorchester County, Maryland",B01003_001,32287,NA,MD
0500000US24021,24,021,Frederick,County,660.221,021,24,24021,"Frederick County, Maryland",B01003_001,229205,NA,MD
0500000US24023,24,023,Garrett,County,647.103,023,24,24023,"Garrett County, Maryland",B01003_001,30145,NA,MD
0500000US24025,24,025,Harford,County,437.089,025,24,24025,"Harford County, Maryland",B01003_001,242888,NA,MD
0500000US24027,24,027,Howard,County,250.741,027,24,24027,"Howard County, Maryland",B01003_001,279366,NA,MD
0500000US24029,24,029,Kent,County,277.03,029,24,24029,"Kent County, Maryland",B01003_001,20018,NA,MD
0500000US24031,24,031,Montgomery,County,491.254,031,24,24031,"Montgomery County, Maryland",B01003_001,947230,NA,MD
0500000US24033,24,033,Prince George's,County,482.691,033,24,24033,"Prince George's County, Maryland",B01003_001,854722,NA,MD
0500000US24035,24,035,Queen Anne's,County,371.908,035,24,24035,"Queen Anne's County, Maryland",B01003_001,46945,NA,MD
0500000US24037,24,037,St. Mary's,County,357.18,037,24,24037,"St. Mary's County, Maryland",B01003_001,102086,NA,MD
0500000US24039,24,039,Somerset,County,319.723,039,24,24039,"Somerset County, Maryland",B01003_001,26411,NA,MD
0500000US24041,24,041,Talbot,County,268.538,041,24,24041,"Talbot County, Maryland",B01003_001,37361,NA,MD
0500000US24043,24,043,Washington,County,457.78,043,24,24043,"Washington County, Maryland",B01003_001,146329,NA,MD
0500000US24045,24,045,Wicomico,County,374.444,045,24,24045,"Wicomico County, Maryland",B01003_001,96951,NA,MD
0500000US24047,24,047,Worcester,County,468.281,047,24,24047,"Worcester County, Maryland",B01003_001,51133,NA,MD
0500000US24510,24,510,Baltimore,city,80.944,510,24,24510,"Baltimore city, Maryland",B01003_001,620538,NA,MD
0500000US34001,34,001,Atlantic,County,555.704,001,34,34001,"Atlantic County, New Jersey",B01003_001,273162,NA,NJ
0500000US34003,34,003,Bergen,County,233.009,003,34,34003,"Bergen County, New Jersey",B01003_001,896482,NA,NJ
0500000US34005,34,005,Burlington,County,798.576,005,34,34005,"Burlington County, New Jersey",B01003_001,447861,NA,NJ
0500000US34007,34,007,Camden,County,221.263,007,34,34007,"Camden County, New Jersey",B01003_001,513574,NA,NJ
0500000US34009,34,009,Cape May,County,251.425,009,34,34009,"Cape May County, New Jersey",B01003_001,97684,NA,NJ
0500000US34011,34,011,Cumberland,County,483.703,011,34,34011,"Cumberland County, New Jersey",B01003_001,155456,NA,NJ
0500000US34013,34,013,Essex,County,126.212,013,34,34013,"Essex County, New Jersey",B01003_001,780872,NA,NJ
0500000US34015,34,015,Gloucester,County,322.005,015,34,34015,"Gloucester County, New Jersey",B01003_001,285223,NA,NJ
0500000US34017,34,017,Hudson,County,46.191,017,34,34017,"Hudson County, New Jersey",B01003_001,622123,NA,NJ
0500000US34019,34,019,Hunterdon,County,427.819,019,34,34019,"Hunterdon County, New Jersey",B01003_001,128458,NA,NJ
0500000US34021,34,021,Mercer,County,224.557,021,34,34021,"Mercer County, New Jersey",B01003_001,364445,NA,NJ
0500000US34023,34,023,Middlesex,County,308.914,023,34,34023,"Middlesex County, New Jersey",B01003_001,798882,NA,NJ
0500000US34025,34,025,Monmouth,County,468.793,025,34,34025,"Monmouth County, New Jersey",B01003_001,628112,NA,NJ
0500000US34027,34,027,Morris,County,460.177,027,34,34027,"Morris County, New Jersey",B01003_001,489811,NA,NJ
0500000US34029,34,029,Ocean,County,628.781,029,34,34029,"Ocean County, New Jersey",B01003_001,569374,NA,NJ
0500000US34031,34,031,Passaic,County,184.593,031,34,34031,"Passaic County, New Jersey",B01003_001,496204,NA,NJ
0500000US34033,34,033,Salem,County,331.899,033,34,34033,"Salem County, New Jersey",B01003_001,65982,NA,NJ
0500000US34035,34,035,Somerset,County,301.813,035,34,34035,"Somerset County, New Jersey",B01003_001,319347,NA,NJ
0500000US34037,34,037,Sussex,County,519.014,037,34,34037,"Sussex County, New Jersey",B01003_001,149996,NA,NJ
0500000US34039,34,039,Union,County,102.855,039,34,34039,"Union County, New Jersey",B01003_001,529547,NA,NJ
0500000US34041,34,041,Warren,County,356.918,041,34,34041,"Warren County, New Jersey",B01003_001,108982,NA,NJ
0500000US42001,42,001,Adams,County,518.668,001,42,42001,"Adams County, Pennsylvania",B01003_001,100839,NA,PA
0500000US42003,42,003,Allegheny,County,730.075,003,42,42003,"Allegheny County, Pennsylvania",B01003_001,1223066,NA,PA
0500000US42005,42,005,Armstrong,County,653.203,005,42,42005,"Armstrong County, Pennsylvania",B01003_001,69489,NA,PA
0500000US42007,42,007,Beaver,County,434.712,007,42,42007,"Beaver County, Pennsylvania",B01003_001,171569,NA,PA
0500000US42009,42,009,Bedford,County,1012.296,009,42,42009,"Bedford County, Pennsylvania",B01003_001,49882,NA,PA
0500000US42011,42,011,Berks,County,856.506,011,42,42011,"Berks County, Pennsylvania",B01003_001,407310,NA,PA
0500000US42013,42,013,Blair,County,525.8,013,42,42013,"Blair County, Pennsylvania",B01003_001,127071,NA,PA
0500000US42015,42,015,Bradford,County,1147.399,015,42,42015,"Bradford County, Pennsylvania",B01003_001,62415,NA,PA
0500000US42017,42,017,Bucks,County,604.307,017,42,42017,"Bucks County, Pennsylvania",B01003_001,622859,NA,PA
0500000US42019,42,019,Butler,County,788.604,019,42,42019,"Butler County, Pennsylvania",B01003_001,182554,NA,PA
0500000US42021,42,021,Cambria,County,688.351,021,42,42021,"Cambria County, Pennsylvania",B01003_001,144741,NA,PA
0500000US42023,42,023,Cameron,County,396.231,023,42,42023,"Cameron County, Pennsylvania",B01003_001,5197,NA,PA
0500000US42025,42,025,Carbon,County,381.46,025,42,42025,"Carbon County, Pennsylvania",B01003_001,64563,NA,PA
0500000US42027,42,027,Centre,County,1109.921,027,42,42027,"Centre County, Pennsylvania",B01003_001,151411,NA,PA
0500000US42029,42,029,Chester,County,750.508,029,42,42029,"Chester County, Pennsylvania",B01003_001,490571,NA,PA
0500000US42031,42,031,Clarion,County,600.834,031,42,42031,"Clarion County, Pennsylvania",B01003_001,40290,NA,PA
0500000US42033,42,033,Clearfield,County,1144.722,033,42,42033,"Clearfield County, Pennsylvania",B01003_001,82131,NA,PA
0500000US42035,42,035,Clinton,County,887.984,035,42,42035,"Clinton County, Pennsylvania",B01003_001,38970,NA,PA
0500000US42037,42,037,Columbia,County,483.108,037,42,42037,"Columbia County, Pennsylvania",B01003_001,66642,NA,PA
0500000US42039,42,039,Crawford,County,1012.298,039,42,42039,"Crawford County, Pennsylvania",B01003_001,89153,NA,PA
0500000US42041,42,041,Cumberland,County,545.459,041,42,42041,"Cumberland County, Pennsylvania",B01003_001,231336,NA,PA
0500000US42043,42,043,Dauphin,County,525.047,043,42,42043,"Dauphin County, Pennsylvania",B01003_001,264823,NA,PA
0500000US42045,42,045,Delaware,County,183.843,045,42,42045,"Delaware County, Pennsylvania",B01003_001,556468,NA,PA
0500000US42047,42,047,Elk,County,827.358,047,42,42047,"Elk County, Pennsylvania",B01003_001,32480,NA,PA
0500000US42049,42,049,Erie,County,799.154,049,42,42049,"Erie County, Pennsylvania",B01003_001,279234,NA,PA
0500000US42051,42,051,Fayette,County,790.339,051,42,42051,"Fayette County, Pennsylvania",B01003_001,138807,NA,PA
0500000US42053,42,053,Forest,County,427.185,053,42,42053,"Forest County, Pennsylvania",B01003_001,7585,NA,PA
0500000US42055,42,055,Franklin,County,772.224,055,42,42055,"Franklin County, Pennsylvania",B01003_001,146558,NA,PA
0500000US42057,42,057,Fulton,County,437.551,057,42,42057,"Fulton County, Pennsylvania",B01003_001,14839,NA,PA
0500000US42059,42,059,Greene,County,575.949,059,42,42059,"Greene County, Pennsylvania",B01003_001,39003,NA,PA
0500000US42061,42,061,Huntingdon,County,874.639,061,42,42061,"Huntingdon County, Pennsylvania",B01003_001,45830,NA,PA
0500000US42063,42,063,Indiana,County,827.03,063,42,42063,"Indiana County, Pennsylvania",B01003_001,88745,NA,PA
0500000US42065,42,065,Jefferson,County,652.429,065,42,42065,"Jefferson County, Pennsylvania",B01003_001,45244,NA,PA
0500000US42067,42,067,Juniata,County,391.35,067,42,42067,"Juniata County, Pennsylvania",B01003_001,24385,NA,PA
0500000US42069,42,069,Lackawanna,County,459.078,069,42,42069,"Lackawanna County, Pennsylvania",B01003_001,213731,NA,PA
0500000US42071,42,071,Lancaster,County,943.81,071,42,42071,"Lancaster County, Pennsylvania",B01003_001,511250,NA,PA
0500000US42073,42,073,Lawrence,County,358.175,073,42,42073,"Lawrence County, Pennsylvania",B01003_001,91682,NA,PA
0500000US42075,42,075,Lebanon,County,361.833,075,42,42075,"Lebanon County, Pennsylvania",B01003_001,131341,NA,PA
0500000US42077,42,077,Lehigh,County,345.166,077,42,42077,"Lehigh County, Pennsylvania",B01003_001,343946,NA,PA
0500000US42079,42,079,Luzerne,County,890.333,079,42,42079,"Luzerne County, Pennsylvania",B01003_001,319120,NA,PA
0500000US42081,42,081,Lycoming,County,1228.594,081,42,42081,"Lycoming County, Pennsylvania",B01003_001,116376,NA,PA
0500000US42083,42,083,McKean,County,979.197,083,42,42083,"McKean County, Pennsylvania",B01003_001,43853,NA,PA
0500000US42085,42,085,Mercer,County,672.575,085,42,42085,"Mercer County, Pennsylvania",B01003_001,117296,NA,PA
0500000US42087,42,087,Mifflin,County,411.031,087,42,42087,"Mifflin County, Pennsylvania",B01003_001,46583,NA,PA
0500000US42089,42,089,Monroe,County,608.286,089,42,42089,"Monroe County, Pennsylvania",B01003_001,168080,NA,PA
0500000US42091,42,091,Montgomery,County,483.04,091,42,42091,"Montgomery County, Pennsylvania",B01003_001,790497,NA,PA
0500000US42093,42,093,Montour,County,130.242,093,42,42093,"Montour County, Pennsylvania",B01003_001,18152,NA,PA
0500000US42095,42,095,Northampton,County,369.671,095,42,42095,"Northampton County, Pennsylvania",B01003_001,294536,NA,PA
0500000US42097,42,097,Northumberland,County,458.368,097,42,42097,"Northumberland County, Pennsylvania",B01003_001,94099,NA,PA
0500000US42099,42,099,Perry,County,551.445,099,42,42099,"Perry County, Pennsylvania",B01003_001,45599,NA,PA
0500000US42101,42,101,Philadelphia,County,134.101,101,42,42101,"Philadelphia County, Pennsylvania",B01003_001,1504950,NA,PA
0500000US42103,42,103,Pike,County,544.961,103,42,42103,"Pike County, Pennsylvania",B01003_001,56993,NA,PA
0500000US42105,42,105,Potter,County,1081.323,105,42,42105,"Potter County, Pennsylvania",B01003_001,17583,NA,PA
0500000US42107,42,107,Schuylkill,County,778.634,107,42,42107,"Schuylkill County, Pennsylvania",B01003_001,148288,NA,PA
0500000US42109,42,109,Snyder,County,328.705,109,42,42109,"Snyder County, Pennsylvania",B01003_001,39400,NA,PA
0500000US42111,42,111,Somerset,County,1074.374,111,42,42111,"Somerset County, Pennsylvania",B01003_001,78219,NA,PA
0500000US42113,42,113,Sullivan,County,449.94,113,42,42113,"Sullivan County, Pennsylvania",B01003_001,6467,NA,PA
0500000US42115,42,115,Susquehanna,County,823.435,115,42,42115,"Susquehanna County, Pennsylvania",B01003_001,43343,NA,PA
0500000US42117,42,117,Tioga,County,1133.788,117,42,42117,"Tioga County, Pennsylvania",B01003_001,41631,NA,PA
0500000US42119,42,119,Union,County,315.982,119,42,42119,"Union County, Pennsylvania",B01003_001,44866,NA,PA
0500000US42121,42,121,Venango,County,674.284,121,42,42121,"Venango County, Pennsylvania",B01003_001,55320,NA,PA
0500000US42123,42,123,Warren,County,884.135,123,42,42123,"Warren County, Pennsylvania",B01003_001,41877,NA,PA
0500000US42125,42,125,Washington,County,856.989,125,42,42125,"Washington County, Pennsylvania",B01003_001,206987,NA,PA
0500000US42127,42,127,Wayne,County,725.604,127,42,42127,"Wayne County, Pennsylvania",B01003_001,52302,NA,PA
0500000US42129,42,129,Westmoreland,County,1027.554,129,42,42129,"Westmoreland County, Pennsylvania",B01003_001,365841,NA,PA
0500000US42131,42,131,Wyoming,County,397.324,131,42,42131,"Wyoming County, Pennsylvania",B01003_001,28262,NA,PA
0500000US42133,42,133,York,County,904.181,133,42,42133,"York County, Pennsylvania",B01003_001,428175,NA,PA
0500000US51001,51,001,Accomack,County,449.496,001,51,51001,"Accomack County, Virginia",B01003_001,34066,NA,VA
0500000US51003,51,003,Albemarle,County,720.698,003,51,51003,"Albemarle County, Virginia",B01003_001,96633,NA,VA
0500000US51005,51,005,Alleghany,County,445.457,005,51,51005,"Alleghany County, Virginia",B01003_001,16406,NA,VA
0500000US51007,51,007,Amelia,County,355.269,007,51,51007,"Amelia County, Virginia",B01003_001,12517,NA,VA
0500000US51009,51,009,Amherst,County,473.934,009,51,51009,"Amherst County, Virginia",B01003_001,32315,NA,VA
0500000US51011,51,011,Appomattox,County,333.494,011,51,51011,"Appomattox County, Virginia",B01003_001,14653,NA,VA
0500000US51013,51,013,Arlington,County,25.974,013,51,51013,"Arlington County, Virginia",B01003_001,197467,NA,VA
0500000US51015,51,015,Augusta,County,966.999,015,51,51015,"Augusta County, Virginia",B01003_001,73201,NA,VA
0500000US51017,51,017,Bath,County,529.158,017,51,51017,"Bath County, Virginia",B01003_001,4779,NA,VA
0500000US51019,51,019,Bedford,County,753.021,019,51,51019,"Bedford County, Virginia",B01003_001,67697,NA,VA
0500000US51021,51,021,Bland,County,357.725,021,51,51021,"Bland County, Virginia",B01003_001,6873,NA,VA
0500000US51023,51,023,Botetourt,County,541.202,023,51,51023,"Botetourt County, Virginia",B01003_001,32867,NA,VA
0500000US51025,51,025,Brunswick,County,566.173,025,51,51025,"Brunswick County, Virginia",B01003_001,17707,NA,VA
0500000US51027,51,027,Buchanan,County,502.763,027,51,51027,"Buchanan County, Virginia",B01003_001,24459,NA,VA
0500000US51029,51,029,Buckingham,County,579.657,029,51,51029,"Buckingham County, Virginia",B01003_001,16874,NA,VA
0500000US51031,51,031,Campbell,County,503.867,031,51,51031,"Campbell County, Virginia",B01003_001,54174,NA,VA
0500000US51033,51,033,Caroline,County,527.513,033,51,51033,"Caroline County, Virginia",B01003_001,27844,NA,VA
0500000US51035,51,035,Carroll,County,474.69,035,51,51035,"Carroll County, Virginia",B01003_001,29985,NA,VA
0500000US51036,51,036,Charles City,County,182.817,036,51,51036,"Charles City County, Virginia",B01003_001,7205,NA,VA
0500000US51037,51,037,Charlotte,County,475.271,037,51,51037,"Charlotte County, Virginia",B01003_001,12644,NA,VA
0500000US51041,51,041,Chesterfield,County,423.297,041,51,51041,"Chesterfield County, Virginia",B01003_001,308633,NA,VA
0500000US51043,51,043,Clarke,County,176.177,043,51,51043,"Clarke County, Virginia",B01003_001,14013,NA,VA
0500000US51045,51,045,Craig,County,329.534,045,51,51045,"Craig County, Virginia",B01003_001,5173,NA,VA
0500000US51047,51,047,Culpeper,County,379.234,047,51,51047,"Culpeper County, Virginia",B01003_001,45749,NA,VA
0500000US51049,51,049,Cumberland,County,297.461,049,51,51049,"Cumberland County, Virginia",B01003_001,9855,NA,VA
0500000US51051,51,051,Dickenson,County,330.532,051,51,51051,"Dickenson County, Virginia",B01003_001,15966,NA,VA
0500000US51053,51,053,Dinwiddie,County,503.716,053,51,51053,"Dinwiddie County, Virginia",B01003_001,27449,NA,VA
0500000US51057,51,057,Essex,County,257.123,057,51,51057,"Essex County, Virginia",B01003_001,10901,NA,VA
0500000US51059,51,059,Fairfax,County,390.969,059,51,51059,"Fairfax County, Virginia",B01003_001,1048554,NA,VA
0500000US51061,51,061,Fauquier,County,647.449,061,51,51061,"Fauquier County, Virginia",B01003_001,64546,NA,VA
0500000US51063,51,063,Floyd,County,380.42,063,51,51063,"Floyd County, Virginia",B01003_001,15030,NA,VA
0500000US51065,51,065,Fluvanna,County,286.005,065,51,51065,"Fluvanna County, Virginia",B01003_001,25308,NA,VA
0500000US51067,51,067,Franklin,County,690.426,067,51,51067,"Franklin County, Virginia",B01003_001,54938,NA,VA
0500000US51069,51,069,Frederick,County,413.496,069,51,51069,"Frederick County, Virginia",B01003_001,75835,NA,VA
0500000US51071,51,071,Giles,County,355.781,071,51,51071,"Giles County, Virginia",B01003_001,17205,NA,VA
0500000US51073,51,073,Gloucester,County,217.807,073,51,51073,"Gloucester County, Virginia",B01003_001,36610,NA,VA
0500000US51075,51,075,Goochland,County,281.415,075,51,51075,"Goochland County, Virginia",B01003_001,21136,NA,VA
0500000US51077,51,077,Grayson,County,442.175,077,51,51077,"Grayson County, Virginia",B01003_001,15855,NA,VA
0500000US51079,51,079,Greene,County,156.246,079,51,51079,"Greene County, Virginia",B01003_001,18082,NA,VA
0500000US51081,51,081,Greensville,County,295.226,081,51,51081,"Greensville County, Virginia",B01003_001,12181,NA,VA
0500000US51083,51,083,Halifax,County,817.839,083,51,51083,"Halifax County, Virginia",B01003_001,36311,NA,VA
0500000US51085,51,085,Hanover,County,468.536,085,51,51085,"Hanover County, Virginia",B01003_001,99172,NA,VA
0500000US51087,51,087,Henrico,County,233.697,087,51,51087,"Henrico County, Virginia",B01003_001,300053,NA,VA
0500000US51089,51,089,Henry,County,382.334,089,51,51089,"Henry County, Virginia",B01003_001,54860,NA,VA
0500000US51091,51,091,Highland,County,415.156,091,51,51091,"Highland County, Virginia",B01003_001,2395,NA,VA
0500000US51093,51,093,Isle of Wight,County,315.612,093,51,51093,"Isle of Wight County, Virginia",B01003_001,34762,NA,VA
0500000US51095,51,095,James City,County,142.437,095,51,51095,"James City County, Virginia",B01003_001,64386,NA,VA
0500000US51097,51,097,King and Queen,County,315.138,097,51,51097,"King and Queen County, Virginia",B01003_001,6926,NA,VA
0500000US51099,51,099,King George,County,179.636,099,51,51099,"King George County, Virginia",B01003_001,22794,NA,VA
0500000US51101,51,101,King William,County,273.941,101,51,51101,"King William County, Virginia",B01003_001,15509,NA,VA
0500000US51103,51,103,Lancaster,County,133.25,103,51,51103,"Lancaster County, Virginia",B01003_001,11478,NA,VA
0500000US51105,51,105,Lee,County,435.518,105,51,51105,"Lee County, Virginia",B01003_001,25434,NA,VA
0500000US51107,51,107,Loudoun,County,515.561,107,51,51107,"Loudoun County, Virginia",B01003_001,291653,NA,VA
0500000US51109,51,109,Louisa,County,496.3,109,51,51109,"Louisa County, Virginia",B01003_001,32248,NA,VA
0500000US51111,51,111,Lunenburg,County,431.683,111,51,51111,"Lunenburg County, Virginia",B01003_001,12968,NA,VA
0500000US51113,51,113,Madison,County,320.683,113,51,51113,"Madison County, Virginia",B01003_001,13342,NA,VA
0500000US51115,51,115,Mathews,County,85.929,115,51,51115,"Mathews County, Virginia",B01003_001,9004,NA,VA
0500000US51117,51,117,Mecklenburg,County,625.485,117,51,51117,"Mecklenburg County, Virginia",B01003_001,32774,NA,VA
0500000US51119,51,119,Middlesex,County,130.306,119,51,51119,"Middlesex County, Virginia",B01003_001,10831,NA,VA
0500000US51121,51,121,Montgomery,County,387.014,121,51,51121,"Montgomery County, Virginia",B01003_001,92527,NA,VA
0500000US51125,51,125,Nelson,County,470.856,125,51,51125,"Nelson County, Virginia",B01003_001,14989,NA,VA
0500000US51127,51,127,New Kent,County,209.729,127,51,51127,"New Kent County, Virginia",B01003_001,17655,NA,VA
0500000US51131,51,131,Northampton,County,211.612,131,51,51131,"Northampton County, Virginia",B01003_001,12572,NA,VA
0500000US51133,51,133,Northumberland,County,191.295,133,51,51133,"Northumberland County, Virginia",B01003_001,12419,NA,VA
0500000US51135,51,135,Nottoway,County,314.392,135,51,51135,"Nottoway County, Virginia",B01003_001,15819,NA,VA
0500000US51137,51,137,Orange,County,340.783,137,51,51137,"Orange County, Virginia",B01003_001,32730,NA,VA
0500000US51139,51,139,Page,County,310.856,139,51,51139,"Page County, Virginia",B01003_001,24116,NA,VA
0500000US51141,51,141,Patrick,County,483.096,141,51,51141,"Patrick County, Virginia",B01003_001,18643,NA,VA
0500000US51143,51,143,Pittsylvania,County,968.941,143,51,51143,"Pittsylvania County, Virginia",B01003_001,63147,NA,VA
0500000US51145,51,145,Powhatan,County,260.221,145,51,51145,"Powhatan County, Virginia",B01003_001,27758,NA,VA
0500000US51147,51,147,Prince Edward,County,349.96,147,51,51147,"Prince Edward County, Virginia",B01003_001,22723,NA,VA
0500000US51149,51,149,Prince George,County,265.155,149,51,51149,"Prince George County, Virginia",B01003_001,35129,NA,VA
0500000US51153,51,153,Prince William,County,336.402,153,51,51153,"Prince William County, Virginia",B01003_001,379415,NA,VA
0500000US51155,51,155,Pulaski,County,319.858,155,51,51155,"Pulaski County, Virginia",B01003_001,34963,NA,VA
0500000US51157,51,157,Rappahannock,County,266.227,157,51,51157,"Rappahannock County, Virginia",B01003_001,7376,NA,VA
0500000US51159,51,159,Richmond,County,191.492,159,51,51159,"Richmond County, Virginia",B01003_001,9328,NA,VA
0500000US51161,51,161,Roanoke,County,250.518,161,51,51161,"Roanoke County, Virginia",B01003_001,91583,NA,VA
0500000US51163,51,163,Rockbridge,County,597.558,163,51,51163,"Rockbridge County, Virginia",B01003_001,22217,NA,VA
0500000US51165,51,165,Rockingham,County,849.086,165,51,51165,"Rockingham County, Virginia",B01003_001,74922,NA,VA
0500000US51167,51,167,Russell,County,473.822,167,51,51167,"Russell County, Virginia",B01003_001,28842,NA,VA
0500000US51169,51,169,Scott,County,535.53,169,51,51169,"Scott County, Virginia",B01003_001,23234,NA,VA
0500000US51171,51,171,Shenandoah,County,508.776,171,51,51171,"Shenandoah County, Virginia",B01003_001,41468,NA,VA
0500000US51173,51,173,Smyth,County,450.928,173,51,51173,"Smyth County, Virginia",B01003_001,32383,NA,VA
0500000US51175,51,175,Southampton,County,599.145,175,51,51175,"Southampton County, Virginia",B01003_001,18493,NA,VA
0500000US51177,51,177,Spotsylvania,County,401.496,177,51,51177,"Spotsylvania County, Virginia",B01003_001,120212,NA,VA
0500000US51179,51,179,Stafford,County,268.956,179,51,51179,"Stafford County, Virginia",B01003_001,124587,NA,VA
0500000US51181,51,181,Surry,County,278.949,181,51,51181,"Surry County, Virginia",B01003_001,7039,NA,VA
0500000US51183,51,183,Sussex,County,490.22,183,51,51183,"Sussex County, Virginia",B01003_001,12167,NA,VA
0500000US51185,51,185,Tazewell,County,518.846,185,51,51185,"Tazewell County, Virginia",B01003_001,44706,NA,VA
0500000US51187,51,187,Warren,County,213.465,187,51,51187,"Warren County, Virginia",B01003_001,37044,NA,VA
0500000US51191,51,191,Washington,County,560.975,191,51,51191,"Washington County, Virginia",B01003_001,54322,NA,VA
0500000US51193,51,193,Westmoreland,County,229.375,193,51,51193,"Westmoreland County, Virginia",B01003_001,17237,NA,VA
0500000US51195,51,195,Wise,County,403.189,195,51,51195,"Wise County, Virginia",B01003_001,41496,NA,VA
0500000US51197,51,197,Wythe,County,461.824,197,51,51197,"Wythe County, Virginia",B01003_001,29005,NA,VA
0500000US51199,51,199,York,County,104.78,199,51,51199,"York County, Virginia",B01003_001,64846,NA,VA
0500000US51510,51,510,Alexandria,city,15.027,510,51,51510,"Alexandria city, Virginia",B01003_001,133647,NA,VA
0500000US51515,51,515,Bedford,city,6.878,515,51,51515,"Bedford city, Virginia",B01003_001,6177,NA,VA
0500000US51520,51,520,Bristol,city,13.013,520,51,51520,"Bristol city, Virginia",B01003_001,17704,NA,VA
0500000US51530,51,530,Buena Vista,city,6.704,530,51,51530,"Buena Vista city, Virginia",B01003_001,6653,NA,VA
0500000US51540,51,540,Charlottesville,city,10.238,540,51,51540,"Charlottesville city, Virginia",B01003_001,42267,NA,VA
0500000US51550,51,550,Chesapeake,city,340.8,550,51,51550,"Chesapeake city, Virginia",B01003_001,219268,NA,VA
0500000US51570,51,570,Colonial Heights,city,7.52,570,51,51570,"Colonial Heights city, Virginia",B01003_001,17472,NA,VA
0500000US51580,51,580,Covington,city,5.468,580,51,51580,"Covington city, Virginia",B01003_001,5989,NA,VA
0500000US51590,51,590,Danville,city,42.934,590,51,51590,"Danville city, Virginia",B01003_001,43787,NA,VA
0500000US51595,51,595,Emporia,city,6.894,595,51,51595,"Emporia city, Virginia",B01003_001,5822,NA,VA
0500000US51600,51,600,Fairfax,city,6.239,600,51,51600,"Fairfax city, Virginia",B01003_001,22058,NA,VA
0500000US51610,51,610,Falls Church,city,1.999,610,51,51610,"Falls Church city, Virginia",B01003_001,11465,NA,VA
0500000US51620,51,620,Franklin,city,8.206,620,51,51620,"Franklin city, Virginia",B01003_001,8549,NA,VA
0500000US51630,51,630,Fredericksburg,city,10.44,630,51,51630,"Fredericksburg city, Virginia",B01003_001,23375,NA,VA
0500000US51640,51,640,Galax,city,8.24,640,51,51640,"Galax city, Virginia",B01003_001,6936,NA,VA
0500000US51650,51,650,Hampton,city,51.413,650,51,51650,"Hampton city, Virginia",B01003_001,139046,NA,VA
0500000US51660,51,660,Harrisonburg,city,17.418,660,51,51660,"Harrisonburg city, Virginia",B01003_001,47406,NA,VA
0500000US51670,51,670,Hopewell,city,10.278,670,51,51670,"Hopewell city, Virginia",B01003_001,22506,NA,VA
0500000US51678,51,678,Lexington,city,2.497,678,51,51678,"Lexington city, Virginia",B01003_001,6990,NA,VA
0500000US51680,51,680,Lynchburg,city,49.128,680,51,51680,"Lynchburg city, Virginia",B01003_001,73726,NA,VA
0500000US51683,51,683,Manassas,city,9.881,683,51,51683,"Manassas city, Virginia",B01003_001,36067,NA,VA
0500000US51685,51,685,Manassas Park,city,2.534,685,51,51685,"Manassas Park city, Virginia",B01003_001,13195,NA,VA
0500000US51690,51,690,Martinsville,city,10.956,690,51,51690,"Martinsville city, Virginia",B01003_001,14029,NA,VA
0500000US51700,51,700,Newport News,city,68.714,700,51,51700,"Newport News city, Virginia",B01003_001,181822,NA,VA
0500000US51710,51,710,Norfolk,city,54.12,710,51,51710,"Norfolk city, Virginia",B01003_001,242143,NA,VA
0500000US51720,51,720,Norton,city,7.481,720,51,51720,"Norton city, Virginia",B01003_001,3886,NA,VA
0500000US51730,51,730,Petersburg,city,22.932,730,51,51730,"Petersburg city, Virginia",B01003_001,32303,NA,VA
0500000US51735,51,735,Poquoson,city,15.317,735,51,51735,"Poquoson city, Virginia",B01003_001,12099,NA,VA
0500000US51740,51,740,Portsmouth,city,33.653,740,51,51740,"Portsmouth city, Virginia",B01003_001,96785,NA,VA
0500000US51750,51,750,Radford,city,9.872,750,51,51750,"Radford city, Virginia",B01003_001,16318,NA,VA
0500000US51760,51,760,Richmond,city,59.805,760,51,51760,"Richmond city, Virginia",B01003_001,201828,NA,VA
0500000US51770,51,770,Roanoke,city,42.562,770,51,51770,"Roanoke city, Virginia",B01003_001,95793,NA,VA
0500000US51775,51,775,Salem,city,14.437,775,51,51775,"Salem city, Virginia",B01003_001,24641,NA,VA
0500000US51790,51,790,Staunton,city,19.975,790,51,51790,"Staunton city, Virginia",B01003_001,23806,NA,VA
0500000US51800,51,800,Suffolk,city,400.168,800,51,51800,"Suffolk city, Virginia",B01003_001,82544,NA,VA
0500000US51810,51,810,Virginia Beach,city,249.016,810,51,51810,"Virginia Beach city, Virginia",B01003_001,435996,NA,VA
0500000US51820,51,820,Waynesboro,city,15.039,820,51,51820,"Waynesboro city, Virginia",B01003_001,20885,NA,VA
0500000US51830,51,830,Williamsburg,city,9.022,830,51,51830,"Williamsburg city, Virginia",B01003_001,13421,NA,VA
0500000US51840,51,840,Winchester,city,9.233,840,51,51840,"Winchester city, Virginia",B01003_001,25953,NA,VA
